domain,id,description,phone_corp,region,discovered_at,relevance_score,category,name,url,email_corp,address,source_url,last_updated,is_active
temukit.cl,1,Descubre las increíbles casas prefabricadas en Temuco y haz realidad tu sueño de tener un hogar propio. Nuestras casas destacan por su calidad y rapida entrega,+56 41789790,,2026-03-23 13:30:01.539217,0.2,prefabricada,Temukit,https://temukit.cl/,contacto@temukit.cl,,https://temukit.cl/,2026-03-23 13:30:01.539222,True
casasvespucio.cl,2,"Casas Prefabricadas mediterraneas y americanas en metalcon , experiencia en modelos de viviendas prefabricadas.",+56 73723093,,2026-03-23 13:30:02.639780,0.6,modular,Casas Prefabricadas Vespucio,https://casasvespucio.cl/,,,https://casasvespucio.cl/,2026-03-23 13:30:02.639785,True
tecnopanel.cl,3,"Viviendas industrializadas con paneles SIP: rapidez en construcción, sustentabilidad y calidad en cada proyecto de Tecno Panel.",+56 2745 5940,,2026-03-23 13:30:05.681180,1.0,SIP,"Paneles SIP, OSB.Paneles Casas Prefabricadas ,Sandwich.TECNO PANEL • TECNOPANEL.CL: Paneles SIP Aislantes y Paneles OSB.Paneles SIP Aislantes Termicos y Paneles OSB Sandwich de poliestireno,para Casas Prefabricadas de madera.",https://tecnopanel.cl/viviendas-industrializadas/,contacto@iterrasur.cl,,https://tecnopanel.cl/viviendas-industrializadas/,2026-03-23 13:30:05.681185,True
tecnofasthome.cl,4,Diseña tu hogar soñado con nuestras casas modulares. Descubre la calidad y versatilidad de las casas modulares Chile de TecnoFast Home. Construye a tu medida,,,2026-03-23 13:30:10.421934,0.2,modular,Tecno Fast Home,https://tecnofasthome.cl/casas-modulares/,,,https://tecnofasthome.cl/casas-modulares/,2026-03-23 13:30:10.421938,True
ruralhouse.cl,5,"Casas prefabricadas rurales en Chile, tenemos casas de máxima calidad, al menor precio y con tiempos récord de instalación. ¡Conoce más aquí!",+56 4456 2666,,2026-03-23 13:30:16.362392,0.2,modular,Ruralhouse.cl,https://www.ruralhouse.cl/,contactoruralhouse@gmail.com,,https://www.ruralhouse.cl/,2026-03-23 13:30:16.362396,True
boxpanelchile.cl,6,"Diseñamos y construimos casas prefabricadas PREMIUM con paneles SIP, una solución sostenible que combina eficiencia energética, rapidez y durabilidad.",+56 9328 9173,,2026-03-23 13:30:20.971469,0.4,SIP,Box Panel Chile,https://boxpanelchile.cl/,ventas@boxpanelchile.cl,,https://boxpanelchile.cl/,2026-03-23 13:30:20.971474,True
casasprefabricadas.cl,7,En casasprefabricadas.cl buscamos tener los mejores modeles de casas prefabricadas de Chile para que puedas encontrar tu casa con nosotros.,,,2026-03-23 13:30:22.308383,0.6,modular,Casas Prefabricadas,https://casasprefabricadas.cl/nosotros/,info@casasprefabricadas.cl,,https://casasprefabricadas.cl/nosotros/,2026-03-23 13:30:22.308387,True
casasanalberto.com,8,"Encuentra tu casa prefabricada ideal en Paine o Temuco. Calidad, rapidez y precios accesibles en todo Chile. ¡Cotiza 100% online y sin compromiso!",+56 44081159,,2026-03-23 13:30:25.617067,0.6,prefabricada,Casas Prefabricadas - SAN ALBERTO,https://casasanalberto.com/?srsltid=AfmBOopX-uFGs2mDj8BPu2s1Ly972j-y4P1fKFA0muXfxqRwuPkEsoct,contacto@casasanalberto.com,,https://casasanalberto.com/?srsltid=AfmBOopX-uFGs2mDj8BPu2s1Ly972j-y4P1fKFA0muXfxqRwuPkEsoct,2026-03-23 13:30:25.617072,True
casasresort.cl,9,"Casas prefabricadas resort, se compromete a cumplir con todo lo ofrecido y construir casas prefabricadas garantizadas, con buen servicio de post venta, por lo mismo damos confianza y podemos decir que casasresort cuenta con un servicio de Las mejo...",+56 6630 2290,,2026-03-23 13:30:27.635519,0.2,prefabricada,Casas Resort,https://casasresort.cl/las-mejores-casas-prefabricadas-de-chile/,,,https://casasresort.cl/las-mejores-casas-prefabricadas-de-chile/,2026-03-23 13:30:27.635523,True
globalsip.cl,10,Para sus proyectos de paneles o proyecto total. Bajos índices de emisiones desde la fabricación de la placa y panel hasta la ejecución final de la obra.Resistencia a la compresión igual a la del concreto simple. Resistencia a la tracción y flexión...,+56 6334 3544,,2026-03-23 13:30:36.083607,0.6,SIP,GLOBALSIP – Construcción y venta de Paneles SIP,https://globalsip.cl/,contacto@globalsip.cl,,https://globalsip.cl/,2026-03-23 13:30:36.083618,True
casasarbolito.cl,11,"Construcción de casas prefabricadas Llave en mano: clásicas, mediterráneas, loft , a medida. Casas modulares, casas de madera, ecológicas y rápida entrega.",+56 5188 8397,,2026-03-23 13:30:37.220180,0.4,prefabricada,Casas Arbolito,https://www.casasarbolito.cl/,,,https://www.casasarbolito.cl/,2026-03-23 13:30:37.220184,True
constructainers.cl,12,"Constructainers 2024, todos los derechos reservados.",+56 66023323,,2026-03-23 13:30:43.166040,0.6,modular,casascontainers – Casas Containers,https://constructainers.cl/,Chilecontacto@constructainers.cl,,https://constructainers.cl/,2026-03-23 13:30:43.166044,True
casassip.cl,13,"CASAS SIP, Modelos Casas Prefabricadas con Paneles SIP y casas personalizadas en Chile. Calidad en construcción Modular con Paneles SIP Trupanel en Chile",+56 9430 2618,,2026-03-23 13:30:46.935354,0.8,SIP,Trupanel Casas SIP - Casas construidas con paneles SIP,https://casassip.cl/casas/,,,https://casassip.cl/casas/,2026-03-23 13:30:46.935363,True
ehaus.cl,14,"¿Estás iniciando una obra civil con metalcom? Y desconoces, ¿cómo usarlo para la construcción de la casa? Este elemento es útil para crear diseños civiles",,,2026-03-23 13:30:56.135166,0.2,desconocida,EHAUS,https://www.ehaus.cl/construccion-de-casas-metalcom-en-chile-descubre-mas-sobre-ellas/,contacto@ehaus.cl,,https://www.ehaus.cl/construccion-de-casas-metalcom-en-chile-descubre-mas-sobre-ellas/,2026-03-23 13:30:56.135172,True
prefabs.cl,15,"Casas prefabricadas en madera, Panel SIP y pino nacional, estructura y aislación en una sola solución. Sustentables, prefabricadas y de rápido armado en Todo Chile. Considera aislación termoacústica para todas las zonas térmicas, sismoresistente y...",+56 4629 0610,,2026-03-23 13:31:03.948301,0.2,container,PreFabs,https://www.prefabs.cl/casas-prefabricadas-madera,contacto@prefabs.cl,,https://www.prefabs.cl/casas-prefabricadas-madera,2026-03-23 13:31:03.948306,True
kasakittemuco.com,16,"En KASAKIT SPA nos especializamos en el diseño, fabricación y construcción de casas prefabricadas, adaptadas a las necesidades y sueños de cada familia.",+56 6688 5249,,2026-03-23 13:31:06.822921,0.2,modular,KASAKIT SPA,https://www.kasakittemuco.com/,kasakitspa@gmail.com,,https://www.kasakittemuco.com/,2026-03-23 13:31:06.822925,True
casasbiobio.cl,17,Build an impressive website with the best-rated top-seller WordPress theme,+56 77080036,,2026-03-23 13:31:16.976842,0.6,prefabricada,"Casas Prefabricadas Bio Bio, Constructora, Ampliaciones, Remodelaciones, Cambios de Techumbres",https://www.casasbiobio.cl/,contacto@casasbiobio.clInicioModelo,,https://www.casasbiobio.cl/,2026-03-23 13:31:16.976846,True
modul.cl,18,"Descubre casas prefabricadas modulares en Chile con Modul. Soluciones modernas, rápidas y sostenibles para tu hogar o empresa. Visítanos.",+56 2214 5935,,2026-03-23 13:31:18.705623,0.8,SIP,Casas Modulares,https://modul.cl/casa-prefabricada-modular/,contacto@modul.cl,,https://modul.cl/casa-prefabricada-modular/,2026-03-23 13:31:18.705627,True
casasprefabricadasimperio.cl,19,© 2026 Todos los Derechos Reservados. Casas Prefabricadas Imperio Spa. Desarrollo Web Sentir Digital.,+56 41252687,,2026-03-23 13:31:25.020479,0.6,SIP,Casas Prefabricadas Imperio,https://www.casasprefabricadasimperio.cl/,info@casasprefabricadasimperio.cl,,https://www.casasprefabricadasimperio.cl/,2026-03-23 13:31:25.020487,True
panelsandwich.cl,20,Descubra los Paneles SIP para techos con las mejores prestaciones de todo Chile✅. Panel Sandwich Madera de gran resistencia al mejor precio del mercado.,,,2026-03-23 13:31:29.655286,0.6,SIP,Paneles SIP en Chile. Calidad al mejor precio,https://panelsandwich.cl/paneles-sip-techo,,,https://panelsandwich.cl/paneles-sip-techo,2026-03-23 13:31:29.655292,True
panelessip.cl,21,"Descubre los beneficios de los paneles SIP en Chile. Construcción rápida, eficiente y sostenible con máxima calidad. Cotiza hoy en PanelesSIP.cl.",+56 8668 7626,,2026-03-23 13:31:31.237652,0.6,SIP,Paneles Sip,https://panelessip.cl/?srsltid=AfmBOoqmh7RMrv-x-iEHzpptf7g43kQtDWQ7fxOyERGXaUnSDQLVYFyl,7626ventas@panelessip.cl,,https://panelessip.cl/?srsltid=AfmBOoqmh7RMrv-x-iEHzpptf7g43kQtDWQ7fxOyERGXaUnSDQLVYFyl,2026-03-23 13:31:31.237657,True
prefabricadaspremium.cl,22,"Casas Prefabricadas, Prefabricadas Premium, Modelos de Casas Personalizadas, La Serena",+56 8983 7171,,2026-03-23 13:31:31.900662,0.2,prefabricada,Prefabricadas Premium,https://www.prefabricadaspremium.cl/,contacto@prefabricadaspremium.cl,,https://www.prefabricadaspremium.cl/,2026-03-23 13:31:31.900667,True
casaslanco.cl,23,Casas personalizadas en el Sur de Chile. Proyectos de construcción tradicional e innovadoras viviendas modulares. Desde Los Ángeles a Puerto Montt.,,,2026-03-23 13:31:46.448838,0.2,SIP,Casas Lanco | Empresa constructora del Sur de Chile,https://casaslanco.cl/,,,https://casaslanco.cl/,2026-03-23 13:31:46.448842,True
modjourney.cl,24,Construimos viviendas de alta calidad en tiempo rÃ©cord. Modelos de casas modulares premium ideales para inversiÃ³n o residencial de primera y segunda vivienda. Entregadas llave en mano en todo Chile.,,,2026-03-23 13:31:51.140381,0.6,modular,Casas Modulares Premium en Chile â ConstrucciÃ³n Personalizada Llave en Mano,https://modjourney.cl/,,,https://modjourney.cl/,2026-03-23 13:31:51.140385,True
casasforestallosmuermos.com,25,"Casas prefabricadas y containers en Chile con diseño, calidad y respaldo. Forestal Los Muermos, tu proyecto empieza aquí.",+56 3230 0527,,2026-03-23 13:31:52.958704,0.2,modular,Casas Forestal Los Muermos,https://casasforestallosmuermos.com/,ventas@casasforestallosmuermos.com,,https://casasforestallosmuermos.com/,2026-03-23 13:31:52.958709,True
megapanel.cl,26,"Fabricamos y vendemos Paneles SIP con OSB certificado. Soluciones prefabricadas para viviendas, locales y más. Entregas rápidas en todo Chile.",+56 75883000,,2026-03-23 13:31:56.643549,0.2,SIP,megapanel.cl,https://megapanel.cl/?srsltid=AfmBOoqqH-Y9W_8_bN3cTls3YLJYAkRCVyX5PiMOvzm_OuC3tyvYOFLW,contacto@megapanel.clUbicaci,,https://megapanel.cl/?srsltid=AfmBOoqqH-Y9W_8_bN3cTls3YLJYAkRCVyX5PiMOvzm_OuC3tyvYOFLW,2026-03-23 13:31:56.643554,True
vhaceros.cl,27,"Descubre las ventajas de construir casas de metalcom: rapidez, durabilidad y eficiencia. ¡Aprovecha esta solución para tu próximo proyecto!",+56 2462 6900,,2026-03-23 13:31:58.472260,0.2,desconocida,VH,https://vhaceros.cl/blog/construir-casas-de-metalcom/,ventas@vh.cl,,https://vhaceros.cl/blog/construir-casas-de-metalcom/,2026-03-23 13:31:58.472267,True
casasprefabricadaschile.cl,28,"Tu casa prefabricada en Puerto Montt y en toda la Región de Los Lagos✅ Encuentra modelos, precios, consejos y mucho más. ¡Cotiza Ahora!",,,2026-03-23 13:32:05.699018,0.6,modular,Casas Prefabricadas Chile,https://casasprefabricadaschile.cl/puerto-montt/,contacto@casasprefabricadaschile.cl,,https://casasprefabricadaschile.cl/puerto-montt/,2026-03-23 13:32:05.699027,True
casascontainers.cl,29,"Casas Containers diseña y fabrica viviendas modulares de alta calidad, con aislación premium y terminaciones profesionales. Casas container listas para habit...",+56 4918 7414,,2026-03-23 13:32:18.737063,0.8,modular,Casas Containers,https://casascontainers.cl/,contacto@casascontainers.cl,,https://casascontainers.cl/,2026-03-23 13:32:18.737068,True
metalkit.cl,30,"Descubre en Metalkit las mejores casas prefabricadas de Chile. Diseños duraderos, modernos y a precios competitivos.",+56 5805 6559,,2026-03-23 13:32:20.825279,0.2,prefabricada,Metalkit,https://www.metalkit.cl/,ventas@metalkit.cl,,https://www.metalkit.cl/,2026-03-23 13:32:20.825288,True
chilehome.cl,31,Casas prefabricadas en Chile desde $1.550.000. Modelos de 36mÂ² a 72mÂ² en pino impregnado. +25.000 casas entregadas. Despacho nacional. Cotiza gratis.,+56 2617 8767,,2026-03-23 13:32:48.254077,0.2,prefabricada,Chile Home,https://chilehome.cl/,contacto@chilehome.cl,,https://chilehome.cl/,2026-03-23 13:32:48.254086,True
casur.cl,32,"Más de 20 distintos diseños, pensados para construirlos en diversos destinos, playa, montaña y ciudad.",+56 2639 2107,,2026-03-23 13:32:49.659720,0.6,prefabricada,Casur :: Casas prefabricadas en Chile,https://www.casur.cl/,info@casur.cl,,https://www.casur.cl/,2026-03-23 13:32:49.659727,True
modularsip.cl,33,"¿Quieres construir tu casa propia, bodega, gym, oficina o lo que requieras en Talca o en cualquier lugar de Chile? Con nuestros paneles SIP certificados hazlo de forma eficiente, con menor costo, y mayor rapidez y resistencia. Conoce más detalles ...",+56 94872861,,2026-03-23 13:32:51.718408,0.2,SIP,Modular SIP,https://modularsip.cl/,ventas@modularsip.cl,,https://modularsip.cl/,2026-03-23 13:32:51.718413,True
cdcsuministros.cl,34,"La solución innovadora y eficiente para tus proyectos de construcción. Térmico, antisísmico, económico e inteligente.",+56 3280 2501,,2026-03-23 13:33:00.123184,0.6,SIP,CDC SUMINISTROS – Fabrica de Paneles SIP y construcción,https://www.cdcsuministros.cl/?srsltid=AfmBOor3zCSXZzdclIH6dYo1Dyo4Q0GYaeLJr46E8oYUk6_xHnb055fQ,contacto@cdcsuministros.cl,,https://www.cdcsuministros.cl/?srsltid=AfmBOor3zCSXZzdclIH6dYo1Dyo4Q0GYaeLJr46E8oYUk6_xHnb055fQ,2026-03-23 13:33:00.123189,True
prefabricadaselalba.cl,35,"Casas prefabricadas de calidad en Chile. Más de 32 modelos disponibles: kit, con instalaciones o llave en mano. Ubicados en San Bernardo, RM.",+56 5699 8761,,2026-03-23 13:33:10.431204,0.6,prefabricada,Casas Prefabricadas El Alba,https://www.prefabricadaselalba.cl/,8761contacto@prefabricadaselalba.clSan,,https://www.prefabricadaselalba.cl/,2026-03-23 13:33:10.431208,True
casaprefabricadachile.cl,36,"¿Quieres comprar una casa prefabricada en la Región de Antofagasta? ✓ Conoce los modelos, kits, precios y empresas ¿Llave en mano? ➤➤ ¡Cotiza hoy!",,,2026-03-23 13:33:12.126301,0.6,SIP,Casas prefabricadas en Chile,https://casaprefabricadachile.cl/region-antofagasta/,,,https://casaprefabricadachile.cl/region-antofagasta/,2026-03-23 13:33:12.126305,True
prefabricada.cl,37,"Casas Modulares, Oficinas Modulares, Quinchos Modulares, Cabañas Modulares, Baños Modulares, Piscinas Modulares, Proyectos especiales",+56 97127179,,2026-03-23 13:33:21.934630,0.2,modular,Prefabricada.cl,https://prefabricada.cl/,contacto@prefabricada.cl,,https://prefabricada.cl/,2026-03-23 13:33:21.934635,True
tecna-zinc.cl,38,Casa pre fabricada Metalcom mejor precio instalada,+56 27792544,,2026-03-23 13:33:34.434561,0.2,prefabricada,Tecna Zinc,https://www.tecna-zinc.cl/casasprefabricadas,contacto@tecna-zinc.cl,,https://www.tecna-zinc.cl/casasprefabricadas,2026-03-23 13:33:34.434572,True
facebook.com,39,"Hermosas casas prefabricadas Somos una empresa de Puerto Montt, instalamos en las regiones de la Araucanía, Los ríos y Los lagos. Cotiza con...",+56 44306323,,2026-03-23 13:33:45.113640,0.6,prefabricada,"Hermosas casas prefabricadas 
Somos una empresa de Puerto Montt, instalamos en las regiones de la Araucanía, Los ríos y Los lagos.

Cotiza con nosotros+56 9 44306323📱📱📱
 #Casasnuevas #casasenventa #CasasPrefabricadas #casasmodernas",https://www.facebook.com/construccionesJPP/videos/hermosas-casas-prefabricadas-somos-una-empresa-de-puerto-montt-instalamos-en-las/2121603321568226/,,,https://www.facebook.com/construccionesJPP/videos/hermosas-casas-prefabricadas-somos-una-empresa-de-puerto-montt-instalamos-en-las/2121603321568226/,2026-03-23 13:33:45.113646,True
propanel.cl,40,Paneles SIP y kits de autoconstrucción para una construcción eficiente y duradera. Soluciones rápidas para proyectos residenciales y comerciales.,+56 3011 3181,,2026-03-23 13:34:01.508366,0.2,SIP,PROPANEL,https://propanel.cl/,contacto@propanel.clRedes,,https://propanel.cl/,2026-03-23 13:34:01.508378,True
casasvientosur.cl,41,"Constructora Viento Sur. Casas Modulares. Soluciones ampliables, empieza a construir hoy tu casa del futuro!",+56 1234 5678,,2026-03-23 13:34:22.406110,0.2,modular,Casas Viento Sur,https://casasvientosur.cl/,info@casasvientosur.clInicioCASASLinea,,https://casasvientosur.cl/,2026-03-23 13:34:22.406116,True
panelsipmetcorp.cl,42,"Fabricación de paneles SIP con placas de Sulfato de Magnesio,y fabricación de los tradicionales paneles SIP OSB y SMART SIDE.",+56 3235 2570,,2026-03-23 13:34:32.123422,0.2,SIP,Panel SIP Metcorp,https://panelsipmetcorp.cl/,contacto@metcorp.cl,,https://panelsipmetcorp.cl/,2026-03-23 13:34:32.123435,True
domohabitare.cl,43,Domo Habitare es una empresa de arquitectura especializada en la construcción de casas modulares a medida. Con más de 10 años en el mercado.,+56 61405906,,2026-03-23 13:35:03.126129,0.6,modular,Casas modulares - Domo Habitare,https://www.domohabitare.cl/,contacto@domohabitare.cl,,https://www.domohabitare.cl/,2026-03-23 13:35:03.126137,True
siphouse.cl,44,"Siphouse es una empresa ubicada en Lautaro, Región de la Araucanía, que ofrece soluciones habitacionales en base al sistema constructivo SIP (Structural Insulate Panel). Paneles, Kit de Armado, Instalación, Capacitaciones, Despacho a todo Chile.",+56 5406 6425,,2026-03-23 13:35:05.369170,0.6,SIP,SipHouse – Fábrica de paneles SIP,https://siphouse.cl/,ventas@siphouse.cl,,https://siphouse.cl/,2026-03-23 13:35:05.369181,True
mundopanelsip.cl,45,"Fabrica de Paneles SIP En Rancagua, Descubra el nuevo sistema innovador de la construcción. Gran Stock disponible para entrega inmediata",,,2026-03-23 13:35:19.683901,0.2,SIP,Mundo Panel Sip,https://mundopanelsip.cl/,contacto@mundopanelsip.cl,,https://mundopanelsip.cl/,2026-03-23 13:35:19.683914,True
casasantilhue.cl,46,"Diseño y fabricación de casas prefabricadas en madera. Solución rápida y accesible, oficinas en Concepción y Araucanía. Conoce tu nuevo hogar",,,2026-03-23 13:35:33.935209,0.6,prefabricada,Casas Prefabricadas Antilhue,https://casasantilhue.cl/,,,https://casasantilhue.cl/,2026-03-23 13:35:33.935219,True
sweethomes.cl,47,"Diseñamos y construimos casas modulares e industrializadas en Chile. Entrega en 12 semanas, precio fijo, calidad garantizada. Financiamiento disponible. Cotiza gratis!",+56 5334 7939,,2026-03-23 13:35:43.505469,0.2,modular,Sweethomes Chile,https://www.sweethomes.cl/,n.ventas@sweethomes.cl,,https://www.sweethomes.cl/,2026-03-23 13:35:43.505475,True
cprefabricadas.cl,48,"Casas prefabricadas de metalcom Nuestra empresa, Constructora Green Valley, se ha posicionado como una de las empresas líderes en Chile, en esta revolución arquitectónica y tecnológica.Destacamos por nuestra innovación al integrar el sistema const...",+56 2583 2001,,2026-03-23 13:35:53.423960,0.8,prefabricada,Casas Prefabricadas Green Valley -,https://cprefabricadas.cl/casas-prefabricadas-de-metalcom/,contacto@cprefabricadas.cl,,https://cprefabricadas.cl/casas-prefabricadas-de-metalcom/,2026-03-23 13:35:53.423976,True
casaslimache.cl,49,"Visita nuestra casa piloto, ubicada en camino troncal 06680 – sector Lo Hidalgo – Villa Alemana. Lunes a Viernes de 11.00 a 18.00hrs. Sábados de 11.00 a 14.00hrs. Previa coordinación con nuestras ejecutivas al +56 9 7551 0394o a través del correo:...",+56 7551 0394,,2026-03-23 13:36:10.964330,0.6,prefabricada,Casas Prefabricadas Limache – Casas Prefabricadas Limache,https://casaslimache.cl/,,,https://casaslimache.cl/,2026-03-23 13:36:10.964336,True
habitissimo.cl,50,"Casa prefabricadas tecnologicas con metalcom, en radier, 3 dormitorios y dos baños, , cocina, living comedor. Instalar en forma completa la casa, dejarla lista para...",,,2026-03-23 13:36:35.717444,0.2,prefabricada,habitissimo.cl,https://www.habitissimo.cl/presupuesto/tocopilla/tocopilla/casa-prefabricada-706,,,https://www.habitissimo.cl/presupuesto/tocopilla/tocopilla/casa-prefabricada-706,2026-03-23 13:36:35.717448,True
casaspancer.cl,51,Calce perfecto Económico PLANOS DE ARMADO Gran calidad garantizada Lider hace 24 años,+56 9730 5174,,2026-03-23 13:36:47.333704,0.6,prefabricada,Casas Pancer – Casas Prefabricadas,https://casaspancer.cl/,Ventas@casaspancer.cl,,https://casaspancer.cl/,2026-03-23 13:36:47.333711,True
casasalvarado.cl,52,"Empresa dedicada a la construcción de CASAS PREFABRICADAS, que busca entregar un servicio personalizado para cada cliente.",+56 41629375,,2026-03-23 13:36:51.456821,0.2,prefabricada,Casas Alvarado,https://casasalvarado.cl/,Contacto@casasalvarado.cl,,https://casasalvarado.cl/,2026-03-23 13:36:51.456825,True
casasbaeza.cl,53,No description available,+56 6900 2863,,2026-03-23 13:50:05.535608,0.6,prefabricada,Casas Baeza – Casas Prefabricadas Baeza – Casas Prefabricadas a tu medida,https://www.casasbaeza.cl/,ventas@casasbaeza.cl,,https://www.casasbaeza.cl/,2026-03-23 13:50:05.535621,True
foresco.cl,54,"Casas prefabricadas en Talca y Región del Maule. Diseño, montaje rápido y calidad garantizada en todo Chile. Cotiza tu casa con Foresco.",+56 39319688,,2026-03-23 13:50:11.634743,0.6,prefabricada,Casas Prefabricadas Foresco SpA,https://foresco.cl/,emailCasasforesco@gmail.com,,https://foresco.cl/,2026-03-23 13:50:11.634754,True
innova3.cl,55,"Casas prefabricadas llave en mano en Los Ángeles y Concepción. Innova3 SpA: casas prefabricadas Chile con soluciones integrales en construcción, viviendas modulares y proyectos a medida. Cobertura VIII Región.",+56 8305 1402,,2026-03-23 13:51:19.200042,0.4,modular,Innova3.CL,https://www.innova3.cl/,contacto@innova3.cl,,https://www.innova3.cl/,2026-03-23 13:51:19.200049,True
evoxhouse.cl,56,"En Evox House somos parte de Patagónica Inmobiliaria S.A., un holding con más de 30 años de experiencia en el desarrollo y gestión de proyectos inmobiliarios. Casas modulares y prefabricadas.",+56 2371 0718,,2026-03-23 13:51:21.948854,0.2,modular,Evox House,https://evoxhouse.cl/nosotros/,Arenas.contacto@evoxhouse.cl,,https://evoxhouse.cl/nosotros/,2026-03-23 13:51:21.948861,True
madecas.cl,57,"Servicio de construcción en general e instalación de casas prefabricadas. Estamos en Ruta U-55-V, Osorno, Chile. +569 7777 0022",+56 7777 0022,,2026-03-23 13:51:24.635321,0.2,modular,Madecas,https://madecas.cl/,madecascontacto@gmail.com,,https://madecas.cl/,2026-03-23 13:51:24.635326,True
vaspanel.cl,58,"Para construir de manera eficiente en sistema constructivo SIP es necesario un buen entendimiento entre el (la) arquitecto,los clientes,la constructora y del resto del equipo de montaje.Un compromiso que debe estar en cada paso.",,,2026-03-23 13:51:33.508267,0.6,SIP,Panel SIP-Kits Casas prefabricadas-Proyectos-Construccion eficiente,https://vaspanel.cl/llaves-en-mano-casa-saludable/?srsltid=AfmBOoqRg2HHSWn7wsfdoEFbscngEQuV_J2XQD0ER0z4LmG2tlqWOURA,info@vaspanel.cl,,https://vaspanel.cl/llaves-en-mano-casa-saludable/?srsltid=AfmBOoqRg2HHSWn7wsfdoEFbscngEQuV_J2XQD0ER0z4LmG2tlqWOURA,2026-03-23 13:51:33.508271,True
casascubik.cl,59,"Sólo entregamos nuestras Casas bajo la modalidad Llave en Mano. No fabricamos Kit Básicos ni Casas Prefabricadas. Nos gusta estar presentes en todo lo que significa el proceso de construcción. Gracias a esto, podemos entregar nuestras Casas con un...",+56 90988292,,2026-03-23 13:52:03.891243,0.8,modular,"CASAS CUBIK – Minicasas y Casas Modulares, a tú medida – Minicasas y Casas Modulares, a tú medida",https://casascubik.cl/,info@casascubik.clD,,https://casascubik.cl/,2026-03-23 13:52:03.891248,True
tecsip.cl,60,"Ha llegado para quedarse como sistema constructivo en Chile, sin embargo, todavía no obtiene el carácter ni la importancia que se le dá en paises desarrollados en funcion de us propiedades mecánicas y aislantes.",+56 2788 6426,,2026-03-23 13:52:20.943877,0.6,SIP,Fábrica Paneles Sip Curicó,https://tecsip.cl/,tecnosip@maderasvaldivia.cl,,https://tecsip.cl/,2026-03-23 13:52:20.943882,True
listado.mercadolibre.cl,61,Envíos Gratis en el día ✓ Compre en cuotas sin interés! Conozca nuestras increíbles ofertas y promociones en millones de productos.,,,2026-03-23 13:52:30.072095,0.6,SIP,Casas Prefabricadas Punta Arenas,https://listado.mercadolibre.cl/casas-prefabricadas-punta-arenas,,,https://listado.mercadolibre.cl/casas-prefabricadas-punta-arenas,2026-03-23 13:52:30.072101,True
casaslihuel.cl,62,"1° Casas Prefabricadas Lihuel. Recibes y luego pagas! Evita estafas, trabajamos con la mejor calidad en materiales y garantía con llave en mano",+56 64591125,,2026-03-23 13:52:58.377432,0.2,prefabricada,Casas Lihuel,https://casaslihuel.cl/,64591125contacto@lihuelspa.clventas,,https://casaslihuel.cl/,2026-03-23 13:52:58.377438,True
casasprefabricadasenchile.com,63,Realizamos domos prefabricados en Chile,,,2026-03-23 13:53:02.800091,0.6,prefabricada,Casas PreFabricadas Chile,https://casasprefabricadasenchile.com/domos-prefabricados-chile/,,,https://casasprefabricadasenchile.com/domos-prefabricados-chile/,2026-03-23 13:53:02.800096,True
laqum.cl,64,"Laqum Fabrica de paneles Sip, Materiales Certificados, Rápida Fabricación, Asesorias Personalizadas",+56 47452479,,2026-03-23 13:53:10.432728,0.2,SIP,Laqum,https://www.laqum.cl/?srsltid=AfmBOooFbzSH3xbLRlrDlqn3HM-7ihhlqzSoZPOyzyU5V39MHvQnTcl7,contacto@laqum.clRedesFacebook,,https://www.laqum.cl/?srsltid=AfmBOooFbzSH3xbLRlrDlqn3HM-7ihhlqzSoZPOyzyU5V39MHvQnTcl7,2026-03-23 13:53:10.432733,True
casas-prefabricadas-del-maule.ueniweb.com,65,Conoce Casas Prefabricadas del Maule en Los Ángeles. Tenemos unos servicios de casas de segunda mano y casas minimalistas.,+56 89111078,,2026-03-23 13:53:12.364393,0.6,prefabricada,Casas Prefabricadas del Maule,https://casas-prefabricadas-del-maule.ueniweb.com/,,,https://casas-prefabricadas-del-maule.ueniweb.com/,2026-03-23 13:53:12.364397,True
casasgreenvalley.cl,66,Desde Tiny Houses hasta casas prefabricadas de lujo. Explora nuestras opcione y descubre la que más se adecúa a tus necesidades.,+56 2583 2001,,2026-03-23 13:53:39.457754,0.2,modular,Casas Green Valley – Casas Green Valley,https://casasgreenvalley.cl/,contacto@casasgreenvalley.cl,,https://casasgreenvalley.cl/,2026-03-23 13:53:39.457760,True
mercantil.com,67,"casas prefabricadas, Barraca Montenegro, Barros Arana 2799, Arica Teléfono: (58) 2222172",,,2026-03-23 13:55:23.358591,0.2,prefabricada,Mercantil.com el directorio de empresas en Chile,https://www.mercantil.com/empresa/barraca-montenegro/arica/300007962/esp/,,,https://www.mercantil.com/empresa/barraca-montenegro/arica/300007962/esp/,2026-03-23 13:55:23.358600,True
tucomercio.cl,68,"Tus datos personales se utilizarán para dar soporte a tu experiencia en este sitio web, para gestionar el acceso a tu cuenta y para otros fines descritos en nuestra política de privacidad",+56 47581463,,2026-03-23 13:55:44.437282,0.6,prefabricada,CASAS PREFABRICADAS Y TRANSPORTES TORRES,https://tucomercio.cl/tienda/casas-prefabricadas-y-transportes-torres/,tucomercio@coyhaique.cl,,https://tucomercio.cl/tienda/casas-prefabricadas-y-transportes-torres/,2026-03-23 13:55:44.437287,True
casasprefabricadascf.cl,69,"En Metalkit entregamos el más completo servicio de despacho de casas prefabricadas en la Región de Atacama, considerando la carga y descarga de la casa modular y todos sus materiales en el terreno que el cliente disponga.",+56 5805 6559,,2026-03-23 13:55:58.873716,0.2,modular,Casas METALKIT,https://www.casasprefabricadascf.cl/despacho-de-casas-prefabricadas-en-atacama.php,ventas@metalkit.cl,,https://www.casasprefabricadascf.cl/despacho-de-casas-prefabricadas-en-atacama.php,2026-03-23 13:55:58.873721,True
hotelplazacolonarica.cl,70,"HORMIHOUSE en Iquique ofrece casas prefabricadas y kits para construir tu cabaña o alojamiento en Chile. Analizamos sus pros, contras y si es tu opción.",,,2026-03-23 13:56:30.374724,0.2,modular,Hoteles en Chile,https://www.hotelplazacolonarica.cl/hotel/hormihouse-casas-prefabricadas-y-kit-de-autoconstruccion-iquique/,,,https://www.hotelplazacolonarica.cl/hotel/hormihouse-casas-prefabricadas-y-kit-de-autoconstruccion-iquique/,2026-03-23 13:56:30.374728,True
ayma.cl,71,"Las viviendas modulares en Chile han dejado de ser una novedad para transformarse en una tendencia en crecimiento. Ya no se ven solo como soluciones de emergencia o infraestructura temporal, sino como alternativas viables para hogares permanentes.",,,2026-03-23 14:03:54.678601,0.6,modular,Viviendas Modulares en Chile: De la Construcción Rápida a la Sustentabilidad – AYMA,https://ayma.cl/viviendas-modulares-en-chile-de-la-construccion-rapida-a-la-sustentabilidad/,,,https://ayma.cl/viviendas-modulares-en-chile-de-la-construccion-rapida-a-la-sustentabilidad/,2026-03-23 14:03:54.678606,True
casaslinares.cl,72,"Casas ByC | Empresa dedicada a la confección y venta de casas prefabricadas y diversos artículos de madera. Ignacio Chacón 1391, Linares, Región del Maule.",+56 96999011,,2026-03-23 14:04:41.518385,0.2,modular,casaslinares,https://www.casaslinares.cl/,maderasboada@hotmail.com,,https://www.casaslinares.cl/,2026-03-23 14:04:41.518391,True
ecoframe.cl,73,"Descubre casas prefabricadas en Chiloé, diseñadas para el clima del sur. Calidad, confort y rapidez en la construcción. ¡Cotiza tu hogar ideal aquí!",,,2026-03-23 14:05:17.887521,0.6,prefabricada,Casas Prefabricadas - Ecoframe,https://ecoframe.cl/casa-en-el-sur-de-chile/casas-prefabricadas-en-chiloe/,info@ecoframe.cl,,https://ecoframe.cl/casa-en-el-sur-de-chile/casas-prefabricadas-en-chiloe/,2026-03-23 14:05:17.887527,True
buscapirque.cl,74,"Sip Project es una empresa comprometida con la innovación y el desarrollo sostenible en la construcción. Nos especializamos en la fabricación y venta de paneles SIP (Structural Insulated Panels), ofreciendo soluciones eficientes, resistentes y tér...",,,2026-03-23 14:05:28.601161,0.2,SIP,Buscapirque.cl,https://buscapirque.cl/listing/sip-project-chile/,,,https://buscapirque.cl/listing/sip-project-chile/,2026-03-23 14:05:28.601167,True
casasprefabricadasellitoral.cl,75,"En Casas Prefabricadas El Litoral nos dedicamos a la construccion de casas prefabricadas a nivel nacional , tenemos 12 años de experiencia en el mercado.",+56 8836 9466,,2026-03-23 14:05:37.167885,0.6,prefabricada,Casas El Litoral – Casas Prefabricadas,https://casasprefabricadasellitoral.cl/,,,https://casasprefabricadasellitoral.cl/,2026-03-23 14:05:37.167889,True
casasval.cl,76,"Casas prefabricadas en Chile, casas modulares, cabañas prefabricadas, cabañas de madera, casas modulares. Fotos, planos y mucho más. Llegamos a todo Chile.",,,2026-03-23 14:05:41.357884,0.4,prefabricada,CASAS VAL,https://casasval.cl/,,,https://casasval.cl/,2026-03-23 14:05:41.357889,True
eltoke.cl,77,"El Toke Ltda , Diseño y construccion de Casas Modulares Bioclimaticas, Remodelaciones, Cierres Vidriados, Juegos Infantiles y Muebles Interiores y Exteriores, Quinchos y Terrazas.",+56 7798 3103,,2026-03-23 14:05:42.301500,0.2,modular,EL TOKE LTDA,https://www.eltoke.cl/,Info@eltoke.cl,,https://www.eltoke.cl/,2026-03-23 14:05:42.301507,True
construex.cl,78,Casas Prefabricadas Curicó se especializa en la venta de casas prefabricadas de madera de diversos tipos. Ofrecemos soluciones habitacionales prefabricadas con diseños y estilos variados para satisfacer las necesidades de nuestros clientes. Nuestr...,+56 35661495,,2026-03-23 14:05:44.997783,0.6,prefabricada,Casas Prefabricadas Curicó,https://www.construex.cl/exhibidores/casas_prefabricadas_curico,,,https://www.construex.cl/exhibidores/casas_prefabricadas_curico,2026-03-23 14:05:44.997787,True
youtube.com,79,"Te enseñamos una de nuestras casas prefabricadas: 𝕍𝕚𝕝𝕝𝕒 𝔸𝕔𝕠𝕟𝕔𝕒𝕘𝕦𝕒. ¡No te la pierdas!❤️‍🔥💥🏠 45,70 m2, 3 habitaciones y 1 baño a un precio de...",,,2026-03-23 14:06:13.244326,0.2,prefabricada,YouTube,https://www.youtube.com/watch?v=F2Z6q-L7f2g,,,https://www.youtube.com/watch?v=F2Z6q-L7f2g,2026-03-23 14:06:13.244330,True
casasprefabricadasvaldivia.cl,80,Somos una empresa Valdiviana liderada por profesionales en el área de la construcción con mas de 5 años de experiencia en el rubro y más de 50.000 metros cuadrados construidos en la región de Los Ríos.,+56 30282442,,2026-03-23 14:06:22.139333,0.6,prefabricada,CASAS PREFABRICADAS,https://www.casasprefabricadasvaldivia.cl/quienes-somos/,+56930282442contacto@casasprefabricadasvaldivia.cl,,https://www.casasprefabricadasvaldivia.cl/quienes-somos/,2026-03-23 14:06:22.139337,True
casasazocar.cl,81,"Derechos reservados, casas azocar 2021, casasazocar.cl Creado por Poder Creativo",+56 8419 1774,,2026-03-23 14:07:00.086620,0.6,prefabricada,Casas Azocar – Casas Prefabricadas,https://www.casasazocar.cl/,info@casasazocar.cl,,https://www.casasazocar.cl/,2026-03-23 14:07:00.086624,True
casasprenchil.cl,82,"¿Necesitas una casa prefabricada en Calama o sus cercanías? Aquí tienes lo que necesitas.Distintos tipos, todos los modelos, características y detalles que debes conocer antes de comprar tu casa.Encuentra, compara y cotiza",,,2026-03-23 14:07:19.073430,0.6,SIP,Casas Prefabricadas en Chile,https://casasprenchil.cl/ubicacion/antofagasta/calama/,,,https://casasprenchil.cl/ubicacion/antofagasta/calama/,2026-03-23 14:07:19.073434,True
casasconstrufast.cl,83,Construfast ofrece casas prefabricadas de alta calidad y soluciones modulares utilizando paneles SIP y Metalcon. Encuentra la opciÃ³n que se adapte a tu presupuesto y obtÃ©n tu hogar en tiempo rÃ©cord.,+56 8964 2177,,2026-03-23 14:07:25.158040,0.4,SIP,Construfast,https://www.casasconstrufast.cl/llave-en-mano,info@casasconstrufast.clInstagram,,https://www.casasconstrufast.cl/llave-en-mano,2026-03-23 14:07:25.158044,True
arkubic.cl,84,ARKUBIC.CL es una empresa que nace con el objetivo de ofrecer casas prefabricadas de calidad superior y a un precio competitivo dentro del mercado.,+56 7821 6360,,2026-03-23 14:07:37.474523,0.6,prefabricada,Arkubic – Casas Prefabricadas,https://arkubic.cl/,,,https://arkubic.cl/,2026-03-23 14:07:37.474527,True
casasriobueno.cl,85,¿Tienes una idea en mente?También puedes cotizar tu proyecto a medida y construir la casa que realmente quieres.,+56 9196 1165,,2026-03-23 14:07:56.322875,0.6,SIP,Casas Prefabricadas Río Bueno,https://casasriobueno.cl/,,,https://casasriobueno.cl/,2026-03-23 14:07:56.322880,True
cl.linkedin.com,86,Grupo Casas O&#39;Higgins | 430 seguidores en LinkedIn. Empresa líder en construcción de Casas Prefabricadas Industrializadas. | Casas O&#39;Higgins es una empresa dedicada a la fabricación de Casas Prefabricadas Industrializadas.,,,2026-03-23 14:08:02.208617,0.2,modular,Grupo Casas O'Higgins,https://cl.linkedin.com/company/casas-o-higgins-spa,,,https://cl.linkedin.com/company/casas-o-higgins-spa,2026-03-23 14:08:02.208621,True
casaslacustre.cl,87,"Casas prefabricadas en Chile, casas modulares, cabañas prefabricadas, cabañas de madera, casas modulares. Fotos, planos y más. Cotiza ahora sin Compromiso!.",+56 9039 0773,,2026-03-23 14:08:05.073101,0.4,prefabricada,La custre - El Sueño De Su Casa Propia A Un Precio Justo.,https://casaslacustre.cl/,ventas@casaslacustre.cl,,https://casaslacustre.cl/,2026-03-23 14:08:05.073110,True
casasamerica.cl,88,Construimos tu casa llave en mano desde: 16 UF el m2. COTIZA TU CASA AQUÍ ¿Por qué elegir Casas Caballero? Precio justo y fijo Diseños para cada familia 30 años de experiencia CONSTRUCTORA DE CASAS PREFABRICADAS Somos una empresa de construcción d...,+56 2310 5779,,2026-03-23 14:08:08.229248,0.6,prefabricada,"Modelos Casas Prefabricadas Metalcon. Casas llave en mano, Santiago -",https://www.casasamerica.cl/,info@casascaballero.cl,,https://www.casasamerica.cl/,2026-03-23 14:08:08.229252,True
casascopiapo.cl,89,"Venta de cabañas, piezas y casas prefabricadas. Contamos con servicio de venta, traslado y armado. Tenemos los mejores precios del mercado. Somo número 1, en diseños, valores y disponibilidad para nuestros clientes.",+56 7426 4545,,2026-03-23 14:08:15.438734,0.2,prefabricada,CASAS COPIAPÓ,https://casascopiapo.cl/,contacto@casascopiapo.cl,,https://casascopiapo.cl/,2026-03-23 14:08:15.438743,True
casasdellago.cl,90,"En Casas Prefabricadas del Lago entregamos un servicio integral, tomamos su proyecto desde el inicio hasta brindar el servicio de armado.",,,2026-03-23 14:09:20.093985,0.6,prefabricada,Casas Prefabricadas del Lago,https://casasdellago.cl/,casasdellagochile@gmail.com,,https://casasdellago.cl/,2026-03-23 14:09:20.093989,True
casascubo.cl,91,"Casas cubo, constructora dedicada a la fabricaciÃ³n de casa exclusivas, sistema metalcom, panel sip, albaÃ±ilerÃ­a, hormigÃ³n armado, EIFS, covintec, prefabricadas con diseÃ±os exclusivos y personalizados.",,,2026-03-23 14:09:24.908374,0.2,SIP,casa-cubo,https://www.casascubo.cl/,INFOCASASCUBO@GMAIL.COM,,https://www.casascubo.cl/,2026-03-23 14:09:24.908378,True
casasprefabricadasramirez.ueniweb.com,92,Conoce Casas Prefabricadas Ramirez. Construimos casas prefabricadas soñadas y termopaneles. Consultanos.,+56 4451 7466,,2026-03-23 14:09:28.119822,0.6,prefabricada,Casas Prefabricadas Ramirez,https://casasprefabricadasramirez.ueniweb.com/,,,https://casasprefabricadasramirez.ueniweb.com/,2026-03-23 14:09:28.119827,True
casaskratercl.io,93,"Casas Krater construye casas prefabricadas a medida en la Región de La Araucanía, con diseño moderno y materiales de alta calidad. Te acompañamos en cada etapa, desde el diseño hasta la instalación",+56 76695286,,2026-03-23 14:09:29.213738,0.6,modular,CASAS PREFABRICADAS KRATER,https://www.casaskratercl.io/,976695286ana.p@casaskratercl.ioRuta,,https://www.casaskratercl.io/,2026-03-23 14:09:29.213742,True
prosip.cl,94,"Construye con nuestros packs de paneles SIP de autoconstrucción. Revisa nuestro catálogo de modelos para uso habitacional, salas de trabajo y espacios multiuso.",+56 3754 0278,,2026-03-23 14:09:54.671254,0.2,SIP,Prosip,https://www.prosip.cl/,,,https://www.prosip.cl/,2026-03-23 14:09:54.671259,True
l2arquitectura.cl,95,"Exploramos cómo las casas modulares permiten construir de forma rápida y sustentable, reduciendo residuos, tiempos de obra y emisiones. Conoce los sistemas que usamos en L2 Arquitectura y sus beneficios económicos, funcionales y medioambientales p...",,,2026-03-23 14:10:30.076281,0.2,SIP,L2arquitectura,https://www.l2arquitectura.cl/l/casas-modulares-sustentables-rapidez-eficiencia-y-bajo-impacto-ambiental/,,,https://www.l2arquitectura.cl/l/casas-modulares-sustentables-rapidez-eficiencia-y-bajo-impacto-ambiental/,2026-03-23 14:10:30.076285,True
linkhome.cl,96,"Casas modulares personalizadas: En Linkhome, te brindamos la libertad de diseñar tu hogar a medida, adaptándolo completamente a tus necesidades y estilo de vida. Vive la experiencia de crear un espacio único que refleje tu identidad, y hazlo reali...",,,2026-03-23 14:10:38.088098,0.6,modular,Linkhome – Casas Modulares,https://linkhome.cl/,,,https://linkhome.cl/,2026-03-23 14:10:38.088105,True
casasohiggins.cl,97,"Casas Prefabricadas Industrializadas: Innovadoras, ecológicas y rápidas de construir. Diseños personalizados a tu gusto. ¡Descubre la mejor opción en vivienda hoy!",+56 22753385,,2026-03-23 14:10:56.126202,0.2,prefabricada,Casas O'Higgins,https://casasohiggins.cl/,ventas@casasohiggins.cl,,https://casasohiggins.cl/,2026-03-23 14:10:56.126208,True
casaslaminga.cl,98,Descubre nuestras casas prefabricadas en ChiloÃ©. Ofrecemos kits desde construcciÃ³n bÃ¡sica hasta llave en mano. Personaliza tu hogar ideal y solicita un presupuesto a medida. Â¡Construye con nosotros y vive la experiencia de un hogar Ãºnico!,+56 4095 7264,,2026-03-23 14:11:30.211892,0.6,prefabricada,Casas Prefabricadas la Minga,https://casaslaminga.cl/,proyectoinfo@casasminga.com,,https://casaslaminga.cl/,2026-03-23 14:11:30.211899,True
vlex.cl,99,CASAS PREFABRICADAS ACONCAGUA SpA,,,2026-03-23 14:12:02.011916,0.2,prefabricada,vLex,https://vlex.cl/vid/casas-prefabricadas-aconcagua-spa-1044920423,consultas@diarioficial.cl,,https://vlex.cl/vid/casas-prefabricadas-aconcagua-spa-1044920423,2026-03-23 14:12:02.011920,True
servipro.cl,100,"Los paneles SIP son una estructura para construcción, con alta eficiencia aislante fabricado con dos tableros de OSB y un bloque de EPS.",+56 5702 3353,,2026-03-23 14:12:07.808178,0.2,SIP,SERVIPRO,https://servipro.cl/,contacto@servipro.cl,,https://servipro.cl/,2026-03-23 14:12:07.808183,True
tecnofast.cl,101,"¿Cómo los paneles SIP mejoran la eficiencia, reducen tiempos y optimizan procesos en la construcción industrializada? Ventajas y aplicaciones 2026",+56 27905000,,2026-03-23 14:12:39.364470,0.2,SIP,Tecno Fast | Oficinas Modulares | Hospitales Hoteles y Salud,https://tecnofast.cl/noticias/construccion-modular-en-chile-ventajas-aplicaciones-y-tendencias-para-el-2026/,cotizaciones@tecnofast.cl,,https://tecnofast.cl/noticias/construccion-modular-en-chile-ventajas-aplicaciones-y-tendencias-para-el-2026/,2026-03-23 14:12:39.364474,True
casasvichuquen.cl,102,"Además, los paneles SIP son una opción sostenible y ecológica, ya que están hechos de materiales reciclables y reducen la cantidad de residuos en la construcción.",,,2026-03-23 14:13:28.526991,0.8,SIP,Casas Prefabricadas Premium,https://casasvichuquen.cl/,,,https://casasvichuquen.cl/,2026-03-23 14:13:28.526995,True
casaselmirador.cl,103,,+56 81319228,,2026-03-23 14:13:34.181161,0.6,prefabricada,Casas El Mirador – Casas Prefabricadas Talca,https://casaselmirador.cl/,contacto@casaselmirador.cl,,https://casaselmirador.cl/,2026-03-23 14:13:34.181165,True
trupanel.cl,104,"TRUPANEL, Proveedor de Paneles SIP en Chile, como Paneles aislantes y paneles estructurales para la construcción. Paneles OSB, Panel Terciado, Panel Smart",+56 9430 2618,,2026-03-23 14:13:58.916155,0.6,SIP,Trupanel - Paneles SIP,https://trupanel.cl/,trupanel@trupanel.clMEDIOS,,https://trupanel.cl/,2026-03-23 14:13:58.916160,True
constructoragv.cl,105,"Las casas prefabricadas de lujo han emergido en el mercado nacional en Chile, como una opción deseada y distintiva en el mercado inmobiliario chileno, reflejando un compromiso con la calidad, el diseño innovador y la exclusividad. Estas residencia...",+56 2583 2001,,2026-03-23 14:14:00.444518,0.2,prefabricada,"Constructora Green Valley – Soluciones Integrales en Construcción - Diseño y construcción en Metalcon para viviendas modernas, seguras y eficientes. Constructora Green Valley: calidad, rapidez y precisión en cada proyecto",https://constructoragv.cl/estructuras-de-metalcon/que-son-las-casas-prefabricadas-de-alta-gama-en-chile/,contacto@casasgreenvalley.cl,,https://constructoragv.cl/estructuras-de-metalcon/que-son-las-casas-prefabricadas-de-alta-gama-en-chile/,2026-03-23 14:14:00.444522,True
instagram.com,106,No description available,,,2026-03-23 15:38:25.287591,0.0,desconocida,Instagram,https://www.instagram.com/casas_quintaregion/,,,https://www.instagram.com/casas_quintaregion/,2026-03-23 15:38:25.287601,True
trato-directo.mercadopublico.cl,107,Trato Directo,,,2026-03-23 15:38:26.546173,0.0,desconocida,Trato Directo,https://trato-directo.mercadopublico.cl/buscador-publico,,,https://trato-directo.mercadopublico.cl/buscador-publico,2026-03-23 15:38:26.546177,True
tiktok.com,108,No description available,,,2026-03-23 15:38:31.713856,0.0,desconocida,TikTok,https://www.tiktok.com/@casasvaleraortiz/video/7399338888960969989,,,https://www.tiktok.com/@casasvaleraortiz/video/7399338888960969989,2026-03-23 15:38:31.713860,True
casaschilespa.cl,109,¡Gracias! Estás un paso más cerca de tu nueva casa.,+56 6765 2158,,2026-03-23 15:38:33.146172,0.0,SIP,Casas Chile,https://casaschilespa.cl/morrillos-72m%C2%B2-coyhaique/,,,https://casaschilespa.cl/morrillos-72m%C2%B2-coyhaique/,2026-03-23 15:38:33.146176,True
alirocardenas.cl,110,"Si quieres que te contactemos para darle vida a tus ideas, háznoslo saber con solo tu correo electrónico",,,2026-03-23 15:38:34.882824,0.0,desconocida,Aliro Cardenas – Constructora Aliro Cardenas,https://alirocardenas.cl/,,,https://alirocardenas.cl/,2026-03-23 15:38:34.882828,True
construccionesprofesionales.cl,111,DESCARGA EL BROCHURE COMPLETO DE MODELOS DE CASAS A MARZO DE 2025,,,2026-03-23 15:38:42.633611,0.0,SIP,"Construcción de Casas con Paneles SIP, Metalcom, Containers y Hormigón Modular: Llave en Mano y Recepción Final. – CONSTRUCCIONES PROFESIONALES",https://construccionesprofesionales.cl/construccion-de-casas-modulares-panel-sip-hormigon-metalcom-chile/,,,https://construccionesprofesionales.cl/construccion-de-casas-modulares-panel-sip-hormigon-metalcom-chile/,2026-03-23 15:38:42.633616,True
ecomodulares.cl,112,"Ecomodulares es una empresa que construye módulos de vivienda armables y transportables al gusto del cliente, equipados y de instalción rápida.t",,,2026-03-23 15:38:48.773822,0.0,SIP,Ecomodulares,https://ecomodulares.cl/,contacto@ecomodulares.cl,,https://ecomodulares.cl/,2026-03-23 15:38:48.773826,True
iterrasur.cl,113,"Descubre la casa prefabricada modular Tecno Fast en la Región de Aysén. Este proyecto de 450m² cuenta con 5 dormitorios, 4 baños, y está construido con 15 módulos. Incluye living, comedor, cocina, logia, y chiflonera. Además, disfruta de un quinch...",+56 5007 9928,,2026-03-23 15:38:54.260570,0.0,modular,Inmobiliaria Terra Sur,https://www.iterrasur.cl/proyectos/blog-post-title-four-hxyy8-mbc7b-5znpz-kph3l-lee5w-mtrap-l2sjr-ybgp5-kgmp4-td7t3,contacto@iterrasur.cl,,https://www.iterrasur.cl/proyectos/blog-post-title-four-hxyy8-mbc7b-5znpz-kph3l-lee5w-mtrap-l2sjr-ybgp5-kgmp4-td7t3,2026-03-23 15:38:54.260574,True
casasarchipielago.cl,114,No description available,+56 87526829,,2026-03-23 15:38:56.642923,0.0,desconocida,Misitio 1,https://www.casasarchipielago.cl/,casasarchipielago@gmail.comLunes,,https://www.casasarchipielago.cl/,2026-03-23 15:38:56.642927,True
api.whatsapp.com,115,"WhatsApp Messenger: More than 2 billion people in over 180 countries use WhatsApp to stay in touch with friends and family, anytime and anywhere. WhatsApp is free and offers simple, secure, reliable messaging and calling, available on phones all o...",+56 2182 6959,,2026-03-23 15:38:57.532887,0.0,desconocida,WhatsApp.com,https://api.whatsapp.com/send?phone=56921826959,,,https://api.whatsapp.com/send?phone=56921826959,2026-03-23 15:38:57.532891,True
grau.cl,116,"Más de 130 años de reconocida experiencia, que sumada a la tecnología y gran capacidad de innovación, han permitido lograr un constante desarrollo de nuevos productos y servicios, cumpliendo con todas las expectativas y exigencias del mercado.",+56 51224403,,2026-03-23 15:39:07.930263,0.0,desconocida,Grau,https://www.grau.cl/?srsltid=AfmBOopNQxVHYm147W0BF8vubzv_AO3otlY13ZI3Qs0qcGM0VAueBBk6,contacto@grau.cl,,https://www.grau.cl/?srsltid=AfmBOopNQxVHYm147W0BF8vubzv_AO3otlY13ZI3Qs0qcGM0VAueBBk6,2026-03-23 15:39:07.930267,True
soloprefabricadas.cl,117,Reserva con un 50% y paga el resto al retirar Detalles de tecnologías Usamos exclusivamente madera sólida de construcción de alta calidad. Gracias a la…,,,2026-03-23 15:39:08.861402,0.0,prefabricada,SoloPrefabricadas.cl,https://soloprefabricadas.cl/explora/casa/modelo-pucon-lacustre,,,https://soloprefabricadas.cl/explora/casa/modelo-pucon-lacustre,2026-03-23 15:39:08.861406,True
casasquinchilca.cl,118,Casas personalizadas de alta gama en el Sur de Chile. Proyectos de construcción tradicional e innovadoras viviendas modulares. Desde Los Ángeles a Puerto Montt,,,2026-03-23 15:39:23.966748,0.0,desconocida,Casas Quinchilca,https://casasquinchilca.cl/,contacto@casasquinchilca.cl,,https://casasquinchilca.cl/,2026-03-23 15:39:23.966753,True
magisur.cl,119,Confía en Magisur.,+56 9824 5279,,2026-03-23 15:39:30.225994,0.0,desconocida,Magisur,https://magisur.cl/,contacto@focosur.cl,,https://magisur.cl/,2026-03-23 15:39:30.225999,True
domoselk.com,120,"Constructora de Domos y aerogeneradores en Patagonia, con más de 5 años de experiencia ubicados en Coyhaique. KIT DOMOS a todo Chile, con garantías y asesorías constructivas. Domos en Región Magallanes, Domos en Región Aysén, Domos en Región de lo...",,,2026-03-23 15:39:30.981093,0.0,desconocida,Domoselk,https://www.domoselk.com/,info@domoselk.com,,https://www.domoselk.com/,2026-03-23 15:39:30.981097,True
hcpcasas.cl,121,"Diseñamos, fabricamos e instalamos casas pre fabricadas en la zona de Puerto Montt, Chile y alrededores, cotiza con nosotros los mejores modelos",+56 20991768,,2026-03-23 15:39:42.149173,0.0,prefabricada,HCP,https://hcpcasas.cl/?srsltid=AfmBOopra-CMrwvgF9IO_kjXDjhYHnoLLjmO6sw8B_DptFAfIyEuuded,contacto@hcpcasas.cl,,https://hcpcasas.cl/?srsltid=AfmBOopra-CMrwvgF9IO_kjXDjhYHnoLLjmO6sw8B_DptFAfIyEuuded,2026-03-23 15:39:42.149177,True
vidrieriachimy.cl,122,"En Vidriería Chimy nos distinguimos por ofrecer productos y servicios de primer nivel. Servicio en Quilpué, Belloto, Villa Alemana y Viña del Mar. Especialistas en instalación de vidrios en distintos tipos de marcos.",,,2026-03-23 15:39:51.677026,0.0,desconocida,Vidrierías en Quilpué por Vidriería Chimy,https://www.vidrieriachimy.cl/,,,https://www.vidrieriachimy.cl/,2026-03-23 15:39:51.677030,True
soporte.habitissimo.com,123,No description available,,,2026-03-23 15:39:56.336652,0.0,desconocida,Servicio de Atención al Usuario,https://soporte.habitissimo.com/hc/es-419,,,https://soporte.habitissimo.com/hc/es-419,2026-03-23 15:39:56.336656,True
casasfabelsa.cl,124,"En Casas Fabelsa innovamos en la construcciÃ³n de Kit de Casas, con mÃ¡s de 12 aÃ±os de trayectoria entregando calidad en nuestros servicios.",+56 8948 5227,,2026-03-23 15:40:01.576382,0.0,desconocida,Casas Fabelsa,https://casasfabelsa.cl/,constructorafabelsa@gmail.com,,https://casasfabelsa.cl/,2026-03-23 15:40:01.576386,True
loow.cl,125,"Vive la experiencia Loow, Tiny Houses fabricadas con materiales de alta calidad y bajo impacto ambiental. Despachamos a todo Chile, cotiza.",+56 88185584,,2026-03-23 15:40:05.920940,0.0,desconocida,Loow Chile,https://loow.cl/,,,https://loow.cl/,2026-03-23 15:40:05.920944,True
chilecompra.cl,126,Dirección de Compra y Contratación Pública (ChileCompra),,,2026-03-23 15:40:08.086016,0.0,desconocida,» Políticas y Condiciones de Uso,http://www.chilecompra.cl/terminos-y-condiciones-de-uso/,,,http://www.chilecompra.cl/terminos-y-condiciones-de-uso/,2026-03-23 15:40:08.086020,True
amarillas.cl,127,"Inmobiliarias en Chile. Encuentre Sucursales, Teléfonos y Direcciones en Páginas Amarillas de Chile",,,2026-03-23 15:40:09.502382,0.0,desconocida,Inmobiliarias en Chile. Páginas Amarillas de Chile,https://www.amarillas.cl/b/inmobiliarias,,,https://www.amarillas.cl/b/inmobiliarias,2026-03-23 15:40:09.502386,True
cintac.cl,128,"Las construcciones han evolucionado de gran manera hoy en día, por lo que es importante conocer la construcción en Vulcometal o Metalcon.",+56 24849200,,2026-03-23 15:40:10.073196,0.0,SIP,Construcción en Vulcometal o Metalcon,https://www.cintac.cl/el-vulcometal-o-metalcon/,contacto@cintac.cl,,https://www.cintac.cl/el-vulcometal-o-metalcon/,2026-03-23 15:40:10.073200,True
solucionesintegralesangol.cl,129,"Constructor profesional en Angol. Especialistas en construcción residencial, comercial e industrial. Construcción de casas, edificios, renovaciones y mantenimiento en Angol. Cotiza tu proyecto de construcción.",+56 35172731,,2026-03-23 15:40:18.917277,0.0,desconocida,Construcción en Angol,https://solucionesintegralesangol.cl/,,,https://solucionesintegralesangol.cl/,2026-03-23 15:40:18.917281,True
construkit.cl,130,"¡Descubre CONSTRUKIT, casas industrializadas de alta calidad en Chile! Más de 40 años de experiencia en el desarrollo de Casas Industrializadas en Chile.",+56 9647 6004,,2026-03-23 15:40:27.862253,0.0,modular,CONSTRUKIT,https://www.construkit.cl/,construkit@rucantu.clWHATSAPP,,https://www.construkit.cl/,2026-03-23 15:40:27.862257,True
rucallapud.cl,131,"En Ruca Llapüd somos expertos en la construcción de casas, cabañas y tiny houses de calidad. Creamos proyectos a la medida en el sur de Chile, desde Chillán a Puerto Montt.",+56 71799610,,2026-03-23 15:40:31.860962,0.0,prefabricada,Ruca Llapüd,https://www.rucallapud.cl/,rucallapud@gmail.comNombreApellidoCorreo,,https://www.rucallapud.cl/,2026-03-23 15:40:31.860966,True
casasandes.cl,132,"Este know how es el que permite al equipo realizar una correcta gestión en el uso de los materiales, logrando altos estándares de calidad a precios muy convenientes para el exigente mercado de la vivienda.",+56 8843 2545,,2026-03-23 15:40:34.729399,0.0,prefabricada,Casas Andes – Proyectos de viviendas particulares y proyectos para constructoras.,https://www.casasandes.cl/,contacto@vpandes.cl,,https://www.casasandes.cl/,2026-03-23 15:40:34.729405,True
promet.cl,133,Combinamos innovación y sustentabilidad para crear proyectos de construcción modular habitacional que marcan la diferencia.,+56 22899915,,2026-03-23 15:40:42.384743,0.0,modular,Promet,https://www.promet.cl/promet-habitacional/,ventas@promet.cl,,https://www.promet.cl/promet-habitacional/,2026-03-23 15:40:42.384746,True
nordhaus.cl,134,"En los alrededores de Villarrica se emplaza este proyecto, con condiciones iniciales de alta pendiente...",,,2026-03-23 15:40:46.449619,0.0,desconocida,Nordhaus,https://www.nordhaus.cl/,contacto@nordhaus.cl,,https://www.nordhaus.cl/,2026-03-23 15:40:46.449623,True
comprador.mercadopublico.cl,135,BÃºsqueda de proveedores,,,2026-03-23 15:41:04.292233,0.0,desconocida,Mercado PÃºblico,https://comprador.mercadopublico.cl/busqueda,,,https://comprador.mercadopublico.cl/busqueda,2026-03-23 15:41:04.292237,True
casasnativoschile.cl,136,Ofertas de verano .. consulte disponibilidad y condiciones del servicio…,+56 59126865,,2026-03-23 15:41:11.750706,0.0,prefabricada,sitio web nativos chile,https://www.casasnativoschile.cl/,ventas@casasnativoschile.cl,,https://www.casasnativoschile.cl/,2026-03-23 15:41:11.750710,True
casaslahacienda.cl,137,Nos encargamos de cada detalle para que solo tengas que preocuparte de disfrutar tu nuevo hogar.,+56 5699 8763,,2026-03-23 15:41:14.808332,0.0,SIP,Llave en Mano – Casas La Hacienda,https://www.casaslahacienda.cl/llave-en-mano/,ventas@casaslahacienda.cl,,https://www.casaslahacienda.cl/llave-en-mano/,2026-03-23 15:41:14.808336,True
vimafechile.cl,138,"La seguridad de los trabajadores en su ambiente laboral y la efectiva gestión de mantenimiento de los activos físicos, constituyen una tríada en cuya visión integral radica parte del éxito de la empresa moderna.",,,2026-03-23 15:41:26.030905,0.0,modular,CONTENEDORES MODULARES,https://vimafechile.cl/,,,https://vimafechile.cl/,2026-03-23 15:41:26.030909,True
talehome.cl,139,"Constructora de Domos geodésicos en Chile para inversión habitacional o turística, con planificación técnica, control de costos y ejecución integral en el sur.",,,2026-03-23 15:41:27.158937,0.0,desconocida,"Constructora de Domos Geodésicos Talehome - Constructora de Domos geodésicos modulares, prefabricados y llave en mano domos prefabricados en Chile",https://talehome.cl/,,,https://talehome.cl/,2026-03-23 15:41:27.158941,True
casaschiloe.cl,140,Somos la mejor alternativa en el Chiloé y en el sur de Chile para que usted cumpla el sueño de la casa propia.,+56 34094385,,2026-03-23 15:41:44.928982,0.0,prefabricada,Casas Chiloé – Servicios inmobiliarios en Chiloé,https://www.casaschiloe.cl/,casaschiloe@gmail.com,,https://www.casaschiloe.cl/,2026-03-23 15:41:44.928986,True
app.guruconecta.com,141,"Sistema informático completo de gestión. Todas las herramientas para gestionar tu negocio, fidelizar clientes y crear una página web propia y personalizada.",,,2026-03-23 15:41:48.112327,0.0,desconocida,guru,https://app.guruconecta.com/,,,https://app.guruconecta.com/,2026-03-23 15:41:48.112332,True
casaspucon.cl,142,Entregamos un servicio avalado por más de 20 años de experiencia. Nuestra propuesta contempla el acompañamiento al cliente en distintas etapas del proyecto. Contamos con equipos especializados e instaladores calificados,,,2026-03-23 15:41:58.141935,0.0,desconocida,Casas Pucon Constructora,https://casaspucon.cl/,,,https://casaspucon.cl/,2026-03-23 15:41:58.141939,True
construyesustentable.cl,143,"Integramos desde un inicio a proveedores y profesionales especializados en sus áreas y productos, generando soluciones constructivas eficientes con beneficios múltiples y de mayor calidad con ahorro directo a toda la cadena de valor.",,,2026-03-23 15:42:08.724754,0.0,SIP,"Casas sustentables: bioclimaticas, ecológicas y eficientes energeticamente.",https://construyesustentable.cl/,,,https://construyesustentable.cl/,2026-03-23 15:42:08.724758,True
ayuda.mercadopublico.cl,144,No description available,,,2026-03-23 15:42:24.440720,0.0,desconocida,"Página principal
		Centro de ayuda",https://ayuda.mercadopublico.cl/,,,https://ayuda.mercadopublico.cl/,2026-03-23 15:42:24.440724,True
slaico.cl,145,"Diseñamos y fabricamos Kit básicos para casas, refugios, glamping, taller, invernaderos en domos prefabricados con o sin instalación.",,,2026-03-23 15:42:29.656561,0.0,desconocida,Slaico Lab,https://www.slaico.cl/domos-prefabricados/,slaicospa@gmail.com,,https://www.slaico.cl/domos-prefabricados/,2026-03-23 15:42:29.656565,True
viviendasaconcagua.com,146,No description available,,,2026-03-23 15:42:30.623728,0.0,desconocida,Viviendas Aconcagua,http://www.viviendasaconcagua.com/,,,http://www.viviendasaconcagua.com/,2026-03-23 15:42:30.623733,True
domosprefabricados.cl,147,🏠 Domos geodésicos Chile desde $1.990.000 ✓ Kits para armar 5-12m ✓ Llave en mano ✓ Resistentes sismos ✓ Financiamiento disponible,+56 51134567,,2026-03-23 15:42:39.226356,0.0,modular,"Domos Prefabricados | Diseño, Arquitectura y Construcción de Domos Geodésicos en Chile",https://domosprefabricados.cl/,+56951134567contacto@domosprefabricados.clInicioProyectosllave,,https://domosprefabricados.cl/,2026-03-23 15:42:39.226360,True
doomos.cl,148,"Tenemos 7 resultados para casas prefabricadas angol actualizados ✅ de dueños y corredoras; con fotos, mapa, entorno y detalles; cotiza sin compromiso.",,,2026-03-23 15:42:40.550704,0.0,prefabricada,Casas prefabricadas angol 7 propiedades.,https://www.doomos.cl/casas-prefabricadas-angol,,,https://www.doomos.cl/casas-prefabricadas-angol,2026-03-23 15:42:40.550709,True
capacitacion.chilecompra.cl,149,No description available,,,2026-03-23 15:42:43.754210,0.0,desconocida,Página Principal,http://capacitacion.chilecompra.cl/,,,http://capacitacion.chilecompra.cl/,2026-03-23 15:42:43.754215,True
cbiobio.cl,150,No description available,+56 23466500,,2026-03-23 15:42:54.548490,0.0,desconocida,Constructora Bio Bio S.A. – Grupo Bio Bio,https://cbiobio.cl/,benoscorporativo@cbiobio.cl,,https://cbiobio.cl/,2026-03-23 15:42:54.548494,True
casasdelacosta.cl,151,Casas de la Costa ofrece casas prefabricadas personalizadas en el litoral central de Chile. Diseñamos hogares sostenibles con opciones llave en mano y servicios de calidad,+56 9744 6775,,2026-03-23 15:42:55.983231,0.0,prefabricada,Casas de la Costa,https://casasdelacosta.cl/,contacto@casasdelacosta.cl,,https://casasdelacosta.cl/,2026-03-23 15:42:55.983235,True
domosdelsur.cl,152,"Domos Del Sur ofrece domos geodésicos prefabricados e importados de alta calidad para viviendas, oficinas, espacios comerciales y más. Diseño innovador, eficiente y en armonía con la naturaleza.",+56 2966 0775,,2026-03-23 15:43:04.042269,0.0,desconocida,Domos Del Sur,https://domosdelsur.cl/,0775contacto@domosdelsur.clInicioTiendaBuilderGaler,,https://domosdelsur.cl/,2026-03-23 15:43:04.042274,True
refugiosnativos.cl,153,Nos especializamos en la arquitectura y construcción de montaña en el Sur de Chile. Nuestros Refugios de Montaña son fabricadas con materiales de primera calidad y mano de obra especializada. Realizamos proyectos estandarizados y otros personaliza...,+56 4429 2000,,2026-03-23 15:43:10.360131,0.0,SIP,Refugios Nativos,https://refugiosnativos.cl/,info@refugiosnativos.cl,,https://refugiosnativos.cl/,2026-03-23 15:43:10.360135,True
sernac.cl,154,SERNAC citó a declarar a representante de Casas O'Higgins por incumplimientos en entrega de viviendas prefabricadas,,,2026-03-23 15:43:10.969231,0.0,prefabricada,SERNAC: Noticias,https://www.sernac.cl/portal/604/w3-article-86516.html,,,https://www.sernac.cl/portal/604/w3-article-86516.html,2026-03-23 15:43:10.969235,True
eco.mercadopublico.cl,155,"Parece que JavaScript está deshabilitado en su navegador. Para obtener la mejor experiencia en nuestro sitio, asegúrese de activar Javascript en su navegador.",,,2026-03-23 15:43:23.455449,0.0,desconocida,Economia Circular,https://eco.mercadopublico.cl/economia_circular/,,,https://eco.mercadopublico.cl/economia_circular/,2026-03-23 15:43:23.455453,True
panelbox.cl,156,"Espacios modulares de lujo, construiremos en tempo récord, tu casa modular, tu tiny house, o tu oficina, desde el BíoBio hasta Aysén",+56 8555 6172,,2026-03-23 15:44:01.812553,0.0,modular,Panelbox,https://panelbox.cl/,contacto@panelbox.cl,,https://panelbox.cl/,2026-03-23 15:44:01.812557,True
thewall.cl,157,Nuestros clientes nos recomiendan. Hablemos de tu nuevo proyecto.,+56 9632 1615,,2026-03-23 15:44:24.960158,0.0,SIP,The Wall,https://thewall.cl/construccion-rapida-eficiente-y-sostenible-con-los-paneles-sip-de-the-wall/,ventas@thewall.cl,,https://thewall.cl/construccion-rapida-eficiente-y-sostenible-con-los-paneles-sip-de-the-wall/,2026-03-23 15:44:24.960165,True
domosvaldivia.cl,158,No description available,+56 71042780,,2026-03-23 15:44:32.188187,0.0,desconocida,Domosvaldivia.cl – Domosvaldivia.cl,https://domosvaldivia.cl/,,,https://domosvaldivia.cl/,2026-03-23 15:44:32.188191,True
twitter.com,159,We’ve detected that JavaScript is disabled in this browser. Please enable JavaScript or switch to a supported browser to continue using x.com. You can see a list of supported browsers in our Help Center.,,,2026-03-23 15:44:53.064385,0.0,desconocida,X (formerly Twitter),https://twitter.com/habitissimo,,,https://twitter.com/habitissimo,2026-03-23 15:44:53.064390,True
biourban.cl,160,"Superficie inicial de 54 m2, mas 36 m2 de ampliación, alternativas en 2 y 3 niveles. Proceso de acreditación para MINVU DS19 y Loteos privados con subsidios o crédito hipotecario.",,,2026-03-23 15:44:57.890230,0.0,modular,Biourban,https://www.biourban.cl/viviendas-modulares-sustentables-2020/,,,https://www.biourban.cl/viviendas-modulares-sustentables-2020/,2026-03-23 15:44:57.890234,True
patagualhome.cl,161,"Conoce nuestros productos Tiny Home Desde 27,4 hasta 69,4 m2Modelos: Original, Dúplex, Space, Triple.Fabricación en 90 días*DESDE 670 a 1550 UF* COTIZAR VER BROCHURE Town Houses Proyectos Inmobiliarios (desde 4 unidades) 69 m22D y 3D - 1B y 2BTiem...",,,2026-03-23 15:45:11.223038,0.0,modular,Patagual Home - Calidad que da confianza,https://patagualhome.cl/,contacto@patagualhome.cl,,https://patagualhome.cl/,2026-03-23 15:45:11.223042,True
viviendassantamarta.cl,162,En nuestra empresa encontrará el mejor servicio de construcción de casas prefabricadas. Hacemos realidad sus sueños a precios competitivos. Lo esperamos,+56 3901 7538,,2026-03-23 15:45:13.706007,0.0,prefabricada,Construcción de casas prefabricadas en Cabrero,https://www.viviendassantamarta.cl/,santamartaltda@gmail.com,,https://www.viviendassantamarta.cl/,2026-03-23 15:45:13.706011,True
chiledomos.cl,163,"Domos geodésicos y casas domo en Chile. Construcción sustentable desde $2.500.000. Instalación en todo Chile: Santiago, Valparaíso, Pucón, Ovalle. ¡Consulta gratis!",+56 9726 2200,,2026-03-23 15:45:15.014202,0.0,desconocida,ChileDomos.cl,https://chiledomos.cl/,2200contacto@chiledomos.clSantiago,,https://chiledomos.cl/,2026-03-23 15:45:15.014206,True
talcaprefabricadas.cl,164,"Queremos llegar a todos los rincones de nuestro país, e incluso traspasar las fronteras, haciendo que nuestro producto sea de amplio acceso y alto reconocimiento. Y recuerda, en Talca prefabricadas lo hacemos por ti.",+56 7596 6631,,2026-03-23 15:45:19.179288,0.0,prefabricada,Talca Prefabricadas – Lo hacemos x ti,https://www.talcaprefabricadas.cl/,contacto@talcaprefabricadas.cl,,https://www.talcaprefabricadas.cl/,2026-03-23 15:45:19.179292,True
casas7lagos.cl,165,No description available,,,2026-03-23 15:45:21.791815,0.0,desconocida,casas7lagos.cl,https://casas7lagos.cl/,,,https://casas7lagos.cl/,2026-03-23 15:45:21.791824,True
autonomamodulares.cl,166,Creamos soluciones modulares que se adaptan a tus necesidades y que son construidas especialmente para esta región y sus características climáticas.,+56 5229 8883,,2026-03-23 15:45:51.203729,0.0,modular,Autónoma Modulares,https://autonomamodulares.cl/,contacto@autonomamodulares.cl,,https://autonomamodulares.cl/,2026-03-23 15:45:51.203733,True
casasvallesdelsur.cl,167,No description available,,,2026-03-23 15:45:53.469213,0.0,desconocida,Casas Valles Del Sur,https://www.casasvallesdelsur.cl/,,,https://www.casasvallesdelsur.cl/,2026-03-23 15:45:53.469217,True
prefabricadassanignacio.cl,168,"Casas San Ignacio nace en el año 2006, después de una larga trayectoria en el rubro maderero, que se remonta desde los años 70, primero explotando bosques por toda la región del Bíobío para luego establecernos en la ciudad de Tomé con nuestra empr...",,,2026-03-23 15:46:28.911932,0.0,prefabricada,Prefabricadas San Ignacio,https://www.prefabricadassanignacio.cl/,contacto@prefabricadassanignacio.cl,,https://www.prefabricadassanignacio.cl/,2026-03-23 15:46:28.911936,True
patagoniahouse.cl,169,No description available,,,2026-03-23 15:46:29.666657,0.0,desconocida,Patagonia House Spa,https://www.patagoniahouse.cl/,,,https://www.patagoniahouse.cl/,2026-03-23 15:46:29.666661,True
construyetudomo.cl,170,"Construccion de Domos Geodésicos en chile, vamos al lugar que sea a construir el domo de tus sueños | construyetudomo.cl",+56 5129 0672,,2026-03-23 15:46:33.372113,0.0,desconocida,construyetudomo.cl,https://construyetudomo.cl/,,,https://construyetudomo.cl/,2026-03-23 15:46:33.372118,True
casassandoval.cl,171,Somos una empresa familiar de la quinta región con 20 años dedicados a la construcción de casas de madera y con más de 750 proyectos entregados de forma satisfactoria sobrepasando siempre las expectativas de nuestros clientes más exigentes.,+56 3100 8214,,2026-03-23 15:46:48.981262,0.0,prefabricada,casassandoval,https://www.casassandoval.cl/,constructoratocornalltda@gmail.comEstaremos,,https://www.casassandoval.cl/,2026-03-23 15:46:48.981267,True
casaslacapilla.cl,172,CASA 54 MTS desde $1.900.000 PROCESO DE COMPRA Agenda visita Realiza un abono Paga el % final a la entrega de tu casa Cotiza en lineaContacto x WathsApp,+56 73301380,,2026-03-23 16:31:41.713415,0.0,prefabricada,Casas Prefabricadas La Capilla - Calidad & Sustentabilidad,https://casaslacapilla.cl/casa-54-mts/,,,https://casaslacapilla.cl/casa-54-mts/,2026-03-23 16:31:41.713421,True
trebolspa.cl,173,No description available,+56 32434267,,2026-03-23 16:32:04.124444,0.0,prefabricada,Casas Prefabricadas – TREBOL SPA,https://www.trebolspa.cl/categoria-producto/casas-prefabricadas/,ventas@trebolspa.cl,,https://www.trebolspa.cl/categoria-producto/casas-prefabricadas/,2026-03-23 16:32:04.124449,True
intercontainers.cl,174,Contenedores habitacionales Los contenedores habitables son estructuras modulares diseñadas para proporcionar espacios de vivienda temporales o permanentes en diversos entornos. Fabricados a partir de contenedores de acero corten o materiales pref...,+56 5879 9619,,2026-03-23 16:32:08.478601,0.0,modular,"Contenedores. Venta de Containers sala de ventas. bodegas, oficinas planta libre y casetas de guardias. Baterias de baño - Containers. Venta de contenedores Maritimos, Reefers. Stgo, Chile",https://www.intercontainers.cl/contenedores-habitables.php,,,https://www.intercontainers.cl/contenedores-habitables.php,2026-03-23 16:32:08.478606,True
riqueval.cl,175,"Construimos Casas prefabricadas con diseños innovadores , rápida construcción y de calidad. Más de 26 años de experiencia. Melipilla, Santiago y regiones de Chile",+56 87681615,,2026-03-23 16:32:21.208871,0.0,prefabricada,Casas Prefabricadas Riqueval,https://riqueval.cl/,ventas@riqueval.cl,,https://riqueval.cl/,2026-03-23 16:32:21.208875,True
casaskit.cl,176,+56 9 7138 9841+56 9 7656 4922+56 9 6125 7377+56 9 3224 5175+56 9 5363 3705,+56 7138 9841,,2026-03-23 16:32:28.059020,0.0,desconocida,Contacto – Casas KIT,https://casaskit.cl/contacto/,Ventas@casaskit.clVentas,,https://casaskit.cl/contacto/,2026-03-23 16:32:28.059024,True
casasnordicas.cl,177,"Para el proyecto de construcción tu casa, te asignamos un especialista en proyectos y espacios exteriores.",+56 2228 8402,,2026-03-23 16:32:31.028714,0.0,SIP,Casas de Metalcom – CASAS NORDICAS,https://www.casasnordicas.cl/portafolio/casas-de-metalcom/,info@casasnordicas.cl,,https://www.casasnordicas.cl/portafolio/casas-de-metalcom/,2026-03-23 16:32:31.028718,True
tiny-home.cl,178,"Privilegia tu estilo de vidaTrabaja con total libertad Instalamos tu Tiny-Home, donde tu quieras Cotiza aquíArriendas Donde trabajasConstruimos donde vives Instalamos tu Tiny-Home, donde tu quierasCotiza aquíRecibiendo el futuroConstruimos tu desc...",+56 6473 8781,,2026-03-23 16:32:39.776048,0.0,desconocida,TINY-HOME - Instalamos tu hogar hasta en 90 días.,https://tiny-home.cl/,nventas@tiny-home.cl,,https://tiny-home.cl/,2026-03-23 16:32:39.776052,True
revistamarina.cl,179,No description available,,,2026-03-23 16:32:53.833230,0.0,desconocida,revistamarina.cl,https://revistamarina.cl/revistas/2014/4/guevara.pdf,,,https://revistamarina.cl/revistas/2014/4/guevara.pdf,2026-03-23 16:32:53.833234,True
fastwork.cl,180,¿Quieres ahorrar tiempo y dinero en tu proyecto de construcción? La construcción en seco y los paneles de hormigón son la respuesta. Obtén información,+56 9289 3373,,2026-03-23 16:33:20.523422,0.0,modular,fastwork.cl,https://www.fastwork.cl/,jcortes@fastwork.cl,,https://www.fastwork.cl/,2026-03-23 16:33:20.523427,True
femarq.cl,181,No description available,+56 3778 3954,,2026-03-23 16:33:30.270883,0.0,desconocida,FEMARQ SPA,https://femarq.cl/,contacto@femarq.cl,,https://femarq.cl/,2026-03-23 16:33:30.270890,True
corma.cl,182,Biblioteca digital Políticas y reglamento Suscríbete,+56 23314200,,2026-03-23 16:33:33.369607,0.0,desconocida,» BID y CORFO impulsan la construcción sustentable en madera como eje de productividad e innovación en Chile,https://www.corma.cl/blog/bid-y-corfo-impulsan-la-construccion-sustentable-en-madera-como-eje-de-productividad-e-innovacion-en-chile/,gerencia@corma.cl,,https://www.corma.cl/blog/bid-y-corfo-impulsan-la-construccion-sustentable-en-madera-como-eje-de-productividad-e-innovacion-en-chile/,2026-03-23 16:33:33.369612,True
casaprefabricada.cl,183,Las casas mediterráneas se caracterizan por techos planos y colores pasteles. Encuentra la tuya en el gran buscador de casas prefabricadas en Chile.,,,2026-03-23 16:33:43.078752,0.0,SIP,Casa Prefabricada Chile,https://casaprefabricada.cl/modelos/casas-mediterraneas/?srsltid=AfmBOoqGlWF2qbaSpsSetJQUsciJuXPktXaRtj62vWYAV4pGv19--iF3,,,https://casaprefabricada.cl/modelos/casas-mediterraneas/?srsltid=AfmBOoqGlWF2qbaSpsSetJQUsciJuXPktXaRtj62vWYAV4pGv19--iF3,2026-03-23 16:33:43.078756,True
contenedoresalma.cl,184,"Casas modulares plegables, entrega inmediata y 30 años de vida útil.",+56 65767081,,2026-03-23 16:33:50.840678,0.0,modular,Contenedores Alma,https://contenedoresalma.cl/,ariel.ventas@contenedoresalma.cl,,https://contenedoresalma.cl/,2026-03-23 16:33:50.840682,True
sociedadpoliticaspublicas.cl,185,No description available,,,2026-03-23 16:33:54.909208,0.0,desconocida,sociedadpoliticaspublicas.cl,https://www.sociedadpoliticaspublicas.cl/archivos/BLOQUE2/Vivienda_y_Politicas_Publicas/Construccion_Industrializada_para_la_Vivienda_Social_en_Chile_Analisis_de_su_Impacto_Potencial.pdf,,,https://www.sociedadpoliticaspublicas.cl/archivos/BLOQUE2/Vivienda_y_Politicas_Publicas/Construccion_Industrializada_para_la_Vivienda_Social_en_Chile_Analisis_de_su_Impacto_Potencial.pdf,2026-03-23 16:33:54.909212,True
fotocasa.cl,186,"Casas galvanizadas importadas desde China. Alta calidad, diseÃ±o moderno y entrega rÃ¡pida en todo Chile.",+56 7611 6990,,2026-03-23 16:33:59.423275,0.0,prefabricada,Fotocasa.cl,https://fotocasa.cl/,ventas@fotocasa.cl,,https://fotocasa.cl/,2026-03-23 16:33:59.423279,True
construye2025.cl,187,"La iniciativa comenzará con la constitución de una gobernanza integrada por instituciones públicas, privadas y académicas.",,,2026-03-23 16:34:15.688812,0.0,desconocida,Corfo anuncia proyecto estratégico para impulsar la industria de la Construcción Industrializada de Viviendas en Ñuble – Construye2025,https://construye2025.cl/2023/06/17/corfo-anuncia-proyecto-estrategico-para-impulsar-la-industria-de-la-construccion-industrializada-de-viviendas-en-nuble/,contacto@construye2025.cl,,https://construye2025.cl/2023/06/17/corfo-anuncia-proyecto-estrategico-para-impulsar-la-industria-de-la-construccion-industrializada-de-viviendas-en-nuble/,2026-03-23 16:34:15.688817,True
prefabricadassanta.wixsite.com,188,No description available,,,2026-03-23 16:34:27.312749,0.0,desconocida,laserena,https://prefabricadassanta.wixsite.com/laserena/54-mts,,,https://prefabricadassanta.wixsite.com/laserena/54-mts,2026-03-23 16:34:27.312753,True
josepha.cl,189,"Tamaño 54 m² Living Comedor Sí Cocina Sí Dormitorios 3 Baños 1 Aguas 4 Kit Inicial > Paneles perimetrales en madera pino dimensionado 2x3 en altura de 2.40 m. (pie derecho a 60 cm), revestidos con tinglado o media luna de 4, incluye barrera de vap...",,,2026-03-23 16:34:32.866406,0.0,desconocida,Josepha,https://www.josepha.cl/modelo-angol-54,,,https://www.josepha.cl/modelo-angol-54,2026-03-23 16:34:32.866410,True
cchc.cl,190,"Si necesitas ayuda, escríbenos a: [email protected]",,,2026-03-23 16:34:58.162399,0.0,desconocida,CChC,https://cchc.cl/w/noticias/cchc-destaca-el-rol-de-la-vivienda-industrializada-para-reducir-el-deficit-habitacional-y-mejorar-la-productividad,,,https://cchc.cl/w/noticias/cchc-destaca-el-rol-de-la-vivienda-industrializada-para-reducir-el-deficit-habitacional-y-mejorar-la-productividad,2026-03-23 16:34:58.162403,True
cl.techo.org,191,Inmobiliaria Social,+56 2838 7300,,2026-03-23 16:34:59.460917,0.0,desconocida,TECHO Chile,https://cl.techo.org/inmobiliaria-social/,info.chile@techo.org,,https://cl.techo.org/inmobiliaria-social/,2026-03-23 16:34:59.460922,True
biobiomadera.cl,192,"En la región las empresas dedicadas a la industria maderera representan una producción del 44% del total nacional, esto es, 3,4 millones de m3 equivalentes al 39,6% de la producción nacional de madera aserrada.",,,2026-03-23 16:35:06.981135,0.0,desconocida,BIOBIO MADERA,https://biobiomadera.cl/noticias/1236/,contacto@biobiomadera.cl,,https://biobiomadera.cl/noticias/1236/,2026-03-23 16:35:06.981140,True
casademadera.cl,193,"Esta casa prefabricada de diseño Modelo 2 Aguas de 52 m² es la combinación perfecta de funcionalidad y estilo, ideal para quienes buscan comodidad y calidad",+56 3946 4346,,2026-03-23 16:35:13.691117,0.0,prefabricada,Casa De Madera,https://casademadera.cl/casas-prefabricadas/,Contacto@casademadera.cl,,https://casademadera.cl/casas-prefabricadas/,2026-03-23 16:35:13.691121,True
ruralistic.cl,194,"Tiny House en Chile. Encuentra los mejores Modelos, Precios, Consejos y mucho más. ¡Cotiza tu Tiny house para tu parcela Ahora!",,,2026-03-23 16:35:21.738526,0.0,desconocida,Ruralistic,https://ruralistic.cl/otros-productos-servicios-2/tiny-house/,ruralistic24@gmail.com,,https://ruralistic.cl/otros-productos-servicios-2/tiny-house/,2026-03-23 16:35:21.738531,True
pintoreschiloe.cl,195,"Casas prefabricadas Chiloé: soluciones habitacionales rápidas, durables y adaptadas al clima austral. Tradición e innovación para su hogar ideal en el archipiélago.",+56 4054 7785,,2026-03-23 16:35:24.109878,0.0,modular,Pintores Chiloé,https://pintoreschiloe.cl/servicios-de-pintura-y-construccion/casas-prefabricadas-chiloe/,Hola@pintoreschiloe.clWhatsAppCorreo,,https://pintoreschiloe.cl/servicios-de-pintura-y-construccion/casas-prefabricadas-chiloe/,2026-03-23 16:35:24.109883,True
casaslongavi.cl,196,"Nos dedicamos a la venta y construcción de casas prefabricadas. Profesionalismo, calidad y compromiso son nuestro sello, construyendo sueños.",+56 20219081,,2026-03-23 16:35:35.224179,0.0,prefabricada,Casas Longavi,https://casaslongavi.cl/casas-longavi/,contacto@casaslongavi.cl,,https://casaslongavi.cl/casas-longavi/,2026-03-23 16:35:35.224183,True
negocioyconstruccion.cl,197,Casas prefabricadas de hormigón. El costo de construir una casa de prefabricado de hormigón en Chile es muy asequible. Cotiza.,+56 73357506,,2026-03-23 16:35:38.004433,0.0,SIP,"Negocio & Construcción | Prensa Digital con Revista, Radio y Catálogo CI",https://negocioyconstruccion.cl/item/viviendas-prefabricadas-de-hormigon-discovery-precast/,contacto@negocioyconstruccion.cl,,https://negocioyconstruccion.cl/item/viviendas-prefabricadas-de-hormigon-discovery-precast/,2026-03-23 16:35:38.004437,True
tinypaihuen.cl,198,"Ofrecemos soluciones modulares funcionales, orientadas hacia la sostenibilidad y la responsabilidad ambiental.",,,2026-03-23 16:35:43.275362,0.0,modular,Tiny Paihuen,https://tinypaihuen.cl/,,,https://tinypaihuen.cl/,2026-03-23 16:35:43.275366,True
spacewise.cl,199,"Contenedores en venta o arriendo, secos o refrigerados.",,,2026-03-23 16:35:56.638411,0.0,modular,SpaceWise,https://www.spacewise.cl/,ventas@spacewise.cl,,https://www.spacewise.cl/,2026-03-23 16:35:56.638416,True
prefabricadosrya.cl,200,Blue One Page Creative HTML5 Template,+56 87285303,,2026-03-23 16:36:00.114496,0.0,prefabricada,Casa Prefabricada RYA Requinoa Rancagua Rosario Mostazal Codegua Santa Cruz San Vicente Pichilemu Bucalemu,https://prefabricadosrya.cl/,contacto@prefabricadosrya.cl,,https://prefabricadosrya.cl/,2026-03-23 16:36:00.114500,True
fabricafv.cl,201,REINVERTIMOS EL 100% DE EXCEDENTES EN NUESTROS PROGRAMAS SOCIALES Y PROYECTOS DE INNOVACIÓN.,+56 3934 0169,,2026-03-23 16:36:13.182515,0.0,modular,Fabrica FV,https://www.fabricafv.cl/,info@fundacionvivienda.cl,,https://www.fabricafv.cl/,2026-03-23 16:36:13.182520,True
corfo.cl,202,"Somos la agencia del Gobierno de Chile, dependiente del Ministerio de Economía, Fomento y Turismo a cargo de apoyar el emprendimiento, la innovación y la competitividad en el país junto con fortalecer el capital humano y las capacidades tecnológicas.",+56 2631 8200,,2026-03-23 16:36:25.659423,0.0,desconocida,CORFO,https://www.corfo.cl/sites/Satellite?c=C_NoticiaNacional&cid=1476718650641&d=Touch&pagename=CorfoPortalPublico%2FC_NoticiaNacional%2FcorfoDetalleNoticiaNacionalWeb,contacto@corfo.cl,,https://www.corfo.cl/sites/Satellite?c=C_NoticiaNacional&cid=1476718650641&d=Touch&pagename=CorfoPortalPublico%2FC_NoticiaNacional%2FcorfoDetalleNoticiaNacionalWeb,2026-03-23 16:36:25.659427,True
biobiochile.cl,203,"En el marco de una iniciativa pÃºblico-privada -que involucra a la CÃ¡mara Chilena de la ConstrucciÃ³n (CChC), Corfo y el...",+56 9200 7888,,2026-03-23 16:36:27.327051,0.0,desconocida,BioBioChile - La Red de Prensa MÃ¡s Grande de Chile,https://www.biobiochile.cl/noticias/economia/actualidad-economica/2025/09/11/tiene-6-pisos-y-penthouse-asi-es-el-edificio-social-industrializado-que-se-levanto-en-un-dia-en-la-rm.shtml,,,https://www.biobiochile.cl/noticias/economia/actualidad-economica/2025/09/11/tiene-6-pisos-y-penthouse-asi-es-el-edificio-social-industrializado-que-se-levanto-en-un-dia-en-la-rm.shtml,2026-03-23 16:36:27.327056,True
casasrukalhue.cl,204,Tu hogar en las mejores manos,,,2026-03-23 16:36:38.980967,0.0,prefabricada,Rukalhue,https://casasrukalhue.cl/,,,https://casasrukalhue.cl/,2026-03-23 16:36:38.980971,True
constructoraubel.cl,205,Constructora Aubel presenta su servicio de Construcción de Casas Modulares; las cuales vienen a cambiar la forma de habitar y construir.,+56 9871 3705,,2026-03-23 16:36:52.042919,0.0,modular,Casas Modulares – Constructora Aubel,https://constructoraubel.cl/servicios/casas-modulares/,ventas@constructoraubel.cl,,https://constructoraubel.cl/servicios/casas-modulares/,2026-03-23 16:36:52.042924,True
casaschilesip.cl,206,Modelo Mediterránea 83 m² Living - Comedor 4 Habitaciones 2 Baños Más información Modelo Valparaíso 83 m² Living - Comedor 3 Habitaciones 2 Baños Más información ModeloLos Lagos 117 m² Living - Comedor 4 Habitaciones 2 Baños Más información Modelo...,+56 3929 1180,,2026-03-23 16:37:03.965394,0.0,SIP,casaschilesip -,https://casaschilesip.cl/,info@casaschilespa.cl,,https://casaschilesip.cl/,2026-03-23 16:37:03.965398,True
bcn.cl,207,Ley Chile,,,2026-03-23 16:37:04.448729,0.0,desconocida,www.bcn.cl/leychile,https://www.bcn.cl/leychile/navegar?idNorma=8201,,,https://www.bcn.cl/leychile/navegar?idNorma=8201,2026-03-23 16:37:04.448734,True
in.pinterest.com,208,This Pin was discovered by Angels Pascual Diago. Discover (and save!) your own Pins on Pinterest.,,,2026-03-23 16:37:08.201193,0.0,prefabricada,Pinterest,https://in.pinterest.com/pin/316800155062381950/,,,https://in.pinterest.com/pin/316800155062381950/,2026-03-23 16:37:08.201197,True
mediaguachile.cl,209,* Kit de instalación Gratis * Servicio de Despacho GRATIS a RM y 5ta región según políticas de despacho (ver DESPACHOS),+56 86676329,,2026-03-23 16:37:29.107792,0.0,prefabricada,CASA 54 mts2  KIT BASICO – Mediaguas Chile,https://www.mediaguachile.cl/casas-prefabricadas/casa-54-mts2-kit-basico/,,,https://www.mediaguachile.cl/casas-prefabricadas/casa-54-mts2-kit-basico/,2026-03-23 16:37:29.107796,True
containerland.cl,210,"Containerland - Líder en venta de containers en Chile. Soluciones para proyectos habitacionales, seguridad, comerciales.",+56 9224 3796,,2026-03-23 16:37:54.809358,0.0,modular,ContainerLand,https://containerland.cl/inicio/,ventas@containerland.cl,,https://containerland.cl/inicio/,2026-03-23 16:37:54.809363,True
steelframing.cl,211,"Las casas prefabricadas en Chile se han convertido en una opción cada vez más popular para aquellos que buscan una vivienda eficiente y de calidad. En este artículo, exploraremos cómo el uso de Metalcon, un material de construcción versátil, contr...",+56 2583 2001,,2026-03-23 17:06:19.225626,0.0,prefabricada,"STEELFRAMING: Estructuras de acero galvanizado, estructuras de metalcon - STEELFRAMING: Proveedor de estructuras de metalcon para tu obra",https://www.steelframing.cl/estructuras-de-metalcon/casas-prefabricadas-en-chile/,contacto@casasgreenvalley.cl,,https://www.steelframing.cl/estructuras-de-metalcon/casas-prefabricadas-en-chile/,2026-03-23 17:06:19.225631,True
containerspatagonia.cl,212,"Containers marítimos usados y nuevos en Chile. Venta y arriendo de containers 20, 40 y 40 HC, amplio stock y despacho inmediato a todo el país.",+56 2528 6556,,2026-03-23 17:06:35.263302,0.0,modular,Containers Patagonia,https://containerspatagonia.cl/,,,https://containerspatagonia.cl/,2026-03-23 17:06:35.263306,True
containerworld.cl,213,"En Container World, cambiamos el sueño de tu casa, por la casa de tus sueños... y mucho más! Descubre nuestras soluciones modulares en variados diseños y con la mejor calidad e innovación. Te esperamos en nuestro Showroom!",,,2026-03-23 17:06:39.290421,0.0,modular,Container World,https://www.containerworld.cl/,,,https://www.containerworld.cl/,2026-03-23 17:06:39.290424,True
nehuenmodulares.cl,214,Las casas prefabricadas Nehuen Modulares ofrecen variadas alternativas a nuestros clientes a alcance de sus proyectos y economía,+56 68318477,,2026-03-23 17:07:46.568480,0.0,SIP,Nehúen Construcciones Modulares,https://nehuenmodulares.cl/casas-prefabricadas-nehuen-modulares/,ventas@nehuenmodulares.clTel,,https://nehuenmodulares.cl/casas-prefabricadas-nehuen-modulares/,2026-03-23 17:07:46.568484,True
casasloinfante.cl,215,"Somos una empresa con más de 20 años de experiencia en el rubro de la madera, nos especializamos en la construcción de casas prefabricadas, aportando una excelente alternativa para quienes buscan un hogar de calidad a un precio conveniente.",+56 83416889,,2026-03-23 17:07:53.716114,0.0,prefabricada,Casas lo Infante,https://casasloinfante.cl/,,,https://casasloinfante.cl/,2026-03-23 17:07:53.716118,True
jamab.cl,216,Lun - Vie: 08.00am - 06.00pm. Agenda tu visita Sábado o Domingo,+56 42513372,,2026-03-23 17:08:00.812617,0.0,container,Casa Prefabricadas Jamab,https://jamab.cl/,hola@jamab.clInicioNosotrosKit,,https://jamab.cl/,2026-03-23 17:08:00.812623,True
arqydom.cl,217,Conozca los requisitos para obtener permiso de edificación para viviendas prefabricadas y los proyectos asociados a su habilitación.,,,2026-03-23 17:08:58.385554,0.0,prefabricada,ARQYDOM,https://www.arqydom.cl/viviendas-prefabricadas-permisos-y-costos/,,,https://www.arqydom.cl/viviendas-prefabricadas-permisos-y-costos/,2026-03-23 17:08:58.385558,True
rucantu.cl,218,Empresas Rucantu - Casas Industrializadas de Alto Estándar - Aislación Térmica - Maderas Impregnadas,,,2026-03-23 17:10:00.149055,0.0,desconocida,rucantu,https://www.rucantu.cl/,CHILEcontacto@rucantu.cl,,https://www.rucantu.cl/,2026-03-23 17:10:00.149059,True
eldiarioinmobiliario.cl,219,"En cuanto al permiso de edificación, la Dirección de Obras Municipales (DOM) correspondiente debe aprobar todos proyectos de arquitectura antes de empezar la construcción de cualquier obra.",,,2026-03-23 17:10:27.350602,0.0,prefabricada,El Diario Inmobiliario,https://eldiarioinmobiliario.cl/ediciones-especiales/consideraciones-legales-a-tener-cuenta-al-momento-de-comprar-una-casa-prefabricada/,,,https://eldiarioinmobiliario.cl/ediciones-especiales/consideraciones-legales-a-tener-cuenta-al-momento-de-comprar-una-casa-prefabricada/,2026-03-23 17:10:27.350606,True
pronexus.cl,220,"Pueden ser en estructura metálica con PVC , o con estructura de madera y revestimiento asfáltico.Son estructuras antisísmicas , resistentes , eficientes y muy energéticas.",,,2026-03-23 17:12:28.711783,0.0,desconocida,Construcción Domos,https://pronexus.cl/construccion-domos/,gerenciapronexus@gmail.com,,https://pronexus.cl/construccion-domos/,2026-03-23 17:12:28.711790,True
minvu.gob.cl,221,"El Minvu une el territorio, las ciudades y los barrios, mejorando la calidad de vida de todas las personas que habitan en Chile. El Minvu une a la ciudad.",,,2026-03-23 17:14:11.990266,0.0,modular,Ministerio de Vivienda y Urbanismo,https://www.minvu.gob.cl/construccion-industrializada/,,,https://www.minvu.gob.cl/construccion-industrializada/,2026-03-23 17:14:11.990271,True
construccionindustrializada.cl,222,"Con una planta de 20.000 m² construidos y una capacidad de producción de hasta 5.500 viviendas al año, Canada House presentó un caso concreto de vivienda modular montada en 8 horas, desarrollado junto a CTeC y Corfo, pensado como solución para el ...",+56 2718 7511,,2026-03-23 17:14:18.113531,0.0,modular,Canada House: Solución modular para la microrradicación en el sur como respuesta industrializada al déficit habitacional – Consejo de Construcción Industrializada,https://construccionindustrializada.cl/2026/01/27/canada-house-solucion-modular-para-la-microrradicacion-en-el-sur-como-respuesta-industrializada-al-deficit-habitacional/,,,https://construccionindustrializada.cl/2026/01/27/canada-house-solucion-modular-para-la-microrradicacion-en-el-sur-como-respuesta-industrializada-al-deficit-habitacional/,2026-03-23 17:14:18.113535,True
diariosustentable.com,223,"Explora ECOIMAD, un proyecto de vivienda modular en madera que marca un avance significativo en la construcción sustentable en Chile.",,,2026-03-23 17:14:30.297908,0.0,modular,Diario Sustentable,https://www.diariosustentable.com/2025/10/ecoimad-un-prototipo-de-vivienda-social-modular-en-madera-que-marca-un-hito-en-sustentabilidad/,,,https://www.diariosustentable.com/2025/10/ecoimad-un-prototipo-de-vivienda-social-modular-en-madera-que-marca-un-hito-en-sustentabilidad/,2026-03-23 17:14:30.297912,True
constructora-csq.webnode.cl,224,,+56 92871653,,2026-03-23 17:14:44.361938,0.0,prefabricada,Casas Prefabricadas Mar y Sol,https://constructora-csq.webnode.cl/productos/,,,https://constructora-csq.webnode.cl/productos/,2026-03-23 17:14:44.361942,True
prefabricadasfutrono.cl,225,"▪Forro exterior en madera de 1″ de espesor, y diagonales en los extremos de los paneles exteriores.",+56 53219734,,2026-03-23 17:15:44.429638,0.0,prefabricada,Casa – Modelo Puerto Varas 117 m2 – Casas Prefabricadas Futrono Paine,https://prefabricadasfutrono.cl/product/casa-modelo-puerto-varas-117-m2/,ejecutivo.ventas@prefabricadasfutrono.cl,,https://prefabricadasfutrono.cl/product/casa-modelo-puerto-varas-117-m2/,2026-03-23 17:15:44.429642,True
containerfull.cl,226,No description available,+56 30202968,,2026-03-23 17:16:14.394612,0.0,modular,ContainerFull – Fabricantes de Contenedores Modulares,https://containerfull.cl/,hola@containerfull.cl,,https://containerfull.cl/,2026-03-23 17:16:14.394616,True
domosquilpue.cl,227,"Conoce todos los servicios especializados para domos: instalación, ampliaciones, pisos, cristalería y muebles a medida. Atención en todo Chile.",,,2026-03-23 17:40:42.052998,0.0,modular,Domos Quilpué,https://domosquilpue.cl/servicios-domos-geodesicos/?srsltid=AfmBOoo_MaY7DBYE4XaZ8x_2gzMowB98knOfE2iNURK8s2U3TFVGCbde,,,https://domosquilpue.cl/servicios-domos-geodesicos/?srsltid=AfmBOoo_MaY7DBYE4XaZ8x_2gzMowB98knOfE2iNURK8s2U3TFVGCbde,2026-03-23 17:40:42.053004,True
facoro.cl,228,"En nuestras plantas fabricamos postes de hormigón armado, muertos para anclajes de tirantes y crucetas de hormigón utilizados en todo tipo de instalaciones de lineas eléctricas y telefónicas.",,,2026-03-23 17:41:10.258613,0.0,modular,Facoro,https://www.facoro.cl/,info@facoro.cl,,https://www.facoro.cl/,2026-03-23 17:41:10.258618,True
casaslaguna.cl,229,Tienda creada con PrestaShop,+56 4856 5620,,2026-03-23 17:42:20.960193,0.0,prefabricada,Casas Laguna,https://casaslaguna.cl/nueva/,contacto@casaslaguna.cl,,https://casaslaguna.cl/nueva/,2026-03-23 17:42:20.960199,True
planosdecasas.cl,230,"Realizamos el Permiso de Edificación en todo Chile, Arquitectos te atenderán inmediatamente contáctanos a contacto@planocasa.cl o +56 9 50304351 (whatsapp).",+56 50304351,,2026-03-23 17:43:27.157781,0.0,SIP,Planos de Casas - Tienda de Arquitectura OnLine,https://www.planosdecasas.cl/permiso-de-edificacion/,contacto@planosdecasas.cl,,https://www.planosdecasas.cl/permiso-de-edificacion/,2026-03-23 17:43:27.157785,True
tucasafacil.cl,231,"Nuestros modelos se adaptan a tu estilo de vidaCada una de nuestras casas ha sido diseñada para ofrecer confort, funcionalidad y un diseño que inspira. Explora nuestras opciones y elige la que mejor se alinea con tu forma de vivir.",+56 3009 4515,,2026-03-23 17:46:20.296087,0.0,SIP,Tu Casa Fácil,https://tucasafacil.cl/,ventas@tucasafacil.cl," Km 993, Llanquihue",https://tucasafacil.cl/,2026-03-23 17:46:20.296093,True
constructorabdm.cl,232,"Especialistas en módulos prefabricados de madera en Chile: bodegas, oficinas modulares, tiny houses, muebles rústicos, organizadores y salas de juego. Construcción rápida en 30 días, madera sostenible certificada FSC. Envío gratis en compras sobre...",+56 5584 9001,,2026-03-23 17:47:22.355364,0.0,modular,Constructora BDM,https://constructorabdm.cl/,,,https://constructorabdm.cl/,2026-03-23 17:47:22.355382,True
megacontainers.cl,233,"Somos MEGACONTAINERS, una empresa con más de 10 años de experiencia ofreciendo contenedores habitacionales.",,,2026-03-23 17:48:31.998247,0.0,modular,Contenedores habitacionales en todo Chile,https://www.megacontainers.cl/quienes-somos,17743cveliz@megacontainers.clkavello,,https://www.megacontainers.cl/quienes-somos,2026-03-23 17:48:31.998254,True
readyhouse.cl,234,"Ahorra tiempo, dinero y problemas para tener tu segunda vivienda. Montaje en menos de 24 hr. Cotiza con nosotros ahora tu casa modular premium",+56 5149 6508,,2026-03-23 17:48:41.976787,0.0,modular,Ready House,https://readyhouse.cl/,ventas@readyhouse.cl,,https://readyhouse.cl/,2026-03-23 17:48:41.976791,True
woodpro.cl,235,"WoodPro es una empresa de construcción ubicada en Santiago de Chile que se especializa en el diseño, construcción y venta de casas industrializadas en madera. Nos enfocamos en proporcionar soluciones habitacionales de alta calidad y personalizadas...",,,2026-03-23 17:50:00.732728,0.0,modular,Woodpro Spa,https://www.woodpro.cl/,ventas@woodpro.cl,,https://www.woodpro.cl/,2026-03-23 17:50:00.732732,True
conconmaderas.cl,236,"La madera es un recurso abundante y renovable, que se está posicionando como el material de construcción del futuro para afrontar el cambio climático.",+56 82497552,,2026-03-23 17:50:26.035961,0.0,SIP,Concón Maderas Impregnadas,https://conconmaderas.cl/la-madera/?srsltid=AfmBOorHKGXxVhqDlXxF65JPWfeQH7uTyKhGKt9sBAAoMNqL2pPxjAiK,info@conconmaderas.clMaitencillo,,https://conconmaderas.cl/la-madera/?srsltid=AfmBOorHKGXxVhqDlXxF65JPWfeQH7uTyKhGKt9sBAAoMNqL2pPxjAiK,2026-03-23 17:50:26.035967,True
madera21.cl,237,"El interés por construir en sus localidades ha crecido considerablemente, sumándole el efecto post-pandemia que motivó a muchos a abandonar las grandes urbes para una mejor calidad de vida. Una que, en este caso, tiene la madera como materia prima...",,,2026-03-23 18:24:32.633086,0.0,SIP,Madera21,https://www.madera21.cl/casas-de-madera-en-la-region-de-ohiggins-vanguardia-sustentabilidad-y-confort-en-zonas-rurales-y-balnearias/,madera21@corma.cl,,https://www.madera21.cl/casas-de-madera-en-la-region-de-ohiggins-vanguardia-sustentabilidad-y-confort-en-zonas-rurales-y-balnearias/,2026-03-23 18:24:32.633092,True
